fixture_id,date,match_time,region_league,home_team,away_team,home_team_id,away_team_id,prediction,confidence,reason,xg_home,xg_away,btts,over_2.5,best_score,top_scores,home_form_n,away_form_n,home_tags,away_tags,h2h_tags,standings_tags,h2h_count,form_count,actual_score,outcome_correct,generated_at,status,match_link
p4OczZKF,12.12.2025,12:30,BANGLADESH - BFL - ROUND 6,Bashundara Kings,Mohammedan,htcj68ms,6gHbafQi,Mohammedan or Draw,Very High,H2H away strong | Bashundara Kings scores 2+ | Mohammedan scores 2+,1.7,1.85,YES,YES,2-2,2-2(0.12)|2-0(0.08)|2-1(0.08)|0-2(0.06)|1-2(0.06),10,10,BASHUNDARA_KINGS_FORM_S1+|BASHUNDARA_KINGS_FORM_W|BASHUNDARA_KINGS_FORM_L|BASHUNDARA_KINGS_FORM_S2+|BASHUNDARA_KINGS_FORM_C1+|BASHUNDARA_KINGS_FORM_C2+|BASHUNDARA_KINGS_FORM_SNG,MOHAMMEDAN_FORM_S2+|MOHAMMEDAN_FORM_W|MOHAMMEDAN_FORM_C2+|MOHAMMEDAN_FORM_C1+|MOHAMMEDAN_FORM_C3+|MOHAMMEDAN_FORM_S1+|MOHAMMEDAN_FORM_D|MOHAMMEDAN_FORM_CS|MOHAMMEDAN_FORM_L|MOHAMMEDAN_FORM_S3+,H2H_O25|MOHAMMEDAN_WINS_H2H|H2H_BTTS,,5,,,,2025-12-12T12:20:14.645721,pending,https://www.flashscore.com/match/football/bashundara-kings-htcj68ms/mohammedan-6gHbafQi/?mid=p4OczZKF
MkkJaZvq,12.12.2025,12:30,TURKEY - 1. LIG - ROUND 17,Adana Demirspor,Boluspor,8AShqI0G,WpwUHfZ0,Boluspor or Draw,Very High,H2H drawish | Adana Demirspor weak GD | Adana Demirspor scores 2+,0.85,0.95,NO,NO,0-0,0-0(0.24)|0-1(0.24)|2-0(0.08)|2-1(0.08)|0-2(0.06),10,10,ADANA_DEMIRSPOR_FORM_S1+|ADANA_DEMIRSPOR_FORM_L_vs_BOTTOM|ADANA_DEMIRSPOR_FORM_C3+_vs_BOTTOM|ADANA_DEMIRSPOR_FORM_C1+_vs_BOTTOM|ADANA_DEMIRSPOR_FORM_C3+|ADANA_DEMIRSPOR_FORM_L|ADANA_DEMIRSPOR_FORM_S1+_vs_BOTTOM|ADANA_DEMIRSPOR_FORM_S3+_vs_BOTTOM|ADANA_DEMIRSPOR_FORM_S2+_vs_BOTTOM|ADANA_DEMIRSPOR_FORM_C2+_vs_BOTTOM|ADANA_DEMIRSPOR_FORM_S2+|ADANA_DEMIRSPOR_FORM_CS|ADANA_DEMIRSPOR_FORM_C1+|ADANA_DEMIRSPOR_FORM_C2+|ADANA_DEMIRSPOR_FORM_S3+,BOLUSPOR_FORM_S2+|BOLUSPOR_FORM_CS|BOLUSPOR_FORM_S1+|BOLUSPOR_FORM_S1+_vs_TOP|BOLUSPOR_FORM_C1+|BOLUSPOR_FORM_W|BOLUSPOR_FORM_D|BOLUSPOR_FORM_S1+_vs_MID|BOLUSPOR_FORM_L,H2H_BTTS|H2H_U25|H2H_D,BOLUSPOR_TABLE_ADV8+|BOLUSPOR_GD_POS|ADANA_DEMIRSPOR_GD_NEG_WEAK|ADANA_DEMIRSPOR_BOTTOM5|ADANA_DEMIRSPOR_GD_NEG,5,,,,2025-12-12T12:23:44.753314,pending,https://www.flashscore.com/match/football/adanademirspor-8AShqI0G/boluspor-WpwUHfZ0/?mid=MkkJaZvq
ADEWur8j,12.12.2025,13:00,KENYA - PREMIER LEAGUE - ROUND 13,Kakamega Homeboyz,Shabana,OfdPtDuK,YXH9gwV9,Kakamega Homeboyz or Draw,Very High,H2H home strong | Kakamega Homeboyz scores 2+ | Shabana fails to score,1.5,0.5,50/50,NO,1-0,1-0(0.2)|1-1(0.2)|0-0(0.1)|0-1(0.1)|2-0(0.1),10,10,KAKAMEGA_HOMEBOYZ_FORM_C1+_vs_BOTTOM|KAKAMEGA_HOMEBOYZ_FORM_W|KAKAMEGA_HOMEBOYZ_FORM_S2+|KAKAMEGA_HOMEBOYZ_FORM_C1+|KAKAMEGA_HOMEBOYZ_FORM_S1+|KAKAMEGA_HOMEBOYZ_FORM_D|KAKAMEGA_HOMEBOYZ_FORM_W_vs_BOTTOM|KAKAMEGA_HOMEBOYZ_FORM_S1+_vs_BOTTOM|KAKAMEGA_HOMEBOYZ_FORM_S2+_vs_BOTTOM,SHABANA_FORM_C1+_vs_BOTTOM|SHABANA_FORM_W|SHABANA_FORM_L|SHABANA_FORM_W_vs_BOTTOM|SHABANA_FORM_S1+|SHABANA_FORM_SNG_vs_BOTTOM|SHABANA_FORM_C1+|SHABANA_FORM_SNG|SHABANA_FORM_D,KAKAMEGA_HOMEBOYZ_WINS_H2H|H2H_U25,SHABANA_GD_POS|KAKAMEGA_HOMEBOYZ_TOP3|KAKAMEGA_HOMEBOYZ_GD_POS,5,,,,2025-12-12T12:38:54.360252,pending,https://www.flashscore.com/match/football/kakamega-homeboyz-OfdPtDuK/shabana-YXH9gwV9/?mid=ADEWur8j
4hTyi8Gi,12.12.2025,13:00,KENYA - PREMIER LEAGUE - ROUND 13,APS Bomet,Posta Rangers,KScUSuRF,WfxlGWpg,Posta Rangers or Draw,Very High,Posta Rangers scores 2+ | Posta Rangers concedes 2+ | APS Bomet concedes 2+,0.85,0.6,NO,NO,0-0,0-0(0.25)|0-1(0.2)|1-0(0.15)|1-1(0.12)|0-2(0.05),10,10,APS_BOMET_FORM_C1+_vs_TOP|APS_BOMET_FORM_C1+_vs_BOTTOM|APS_BOMET_FORM_SNG|APS_BOMET_FORM_S1+|APS_BOMET_FORM_W|APS_BOMET_FORM_L|APS_BOMET_FORM_D_vs_BOTTOM|APS_BOMET_FORM_CS|APS_BOMET_FORM_C2+|APS_BOMET_FORM_SNG_vs_BOTTOM|APS_BOMET_FORM_D|APS_BOMET_FORM_C1+|APS_BOMET_FORM_S1+_vs_BOTTOM|APS_BOMET_FORM_CS_vs_BOTTOM,POSTA_RANGERS_FORM_W|POSTA_RANGERS_FORM_L|POSTA_RANGERS_FORM_CS_vs_TOP|POSTA_RANGERS_FORM_S1+_vs_MID|POSTA_RANGERS_FORM_S1+_vs_BOTTOM|POSTA_RANGERS_FORM_S2+|POSTA_RANGERS_FORM_C2+|POSTA_RANGERS_FORM_S1+|POSTA_RANGERS_FORM_C1+_vs_MID|POSTA_RANGERS_FORM_D|POSTA_RANGERS_FORM_CS|POSTA_RANGERS_FORM_C1+|POSTA_RANGERS_FORM_S2+_vs_BOTTOM,,POSTA_RANGERS_TABLE_ADV8+|APS_BOMET_GD_NEG|POSTA_RANGERS_GD_NEG|APS_BOMET_BOTTOM5,0,,,,2025-12-12T12:30:00.529468,pending,https://www.flashscore.com/match/football/aps-bomet-KScUSuRF/posta-rangers-WfxlGWpg/?mid=4hTyi8Gi
YXKhmQFG,12.12.2025,13:00,KENYA - PREMIER LEAGUE - ROUND 13,Bandari,Gor Mahia,AuYxVndl,GU9jbyMo,Bandari or Draw,Very High,H2H away strong | Bandari scores 2+ | Gor Mahia concedes 2+,0.85,0.9,NO,NO,0-0,0-0(0.25)|0-2(0.2)|1-0(0.15)|1-2(0.12)|0-1(0.05),10,10,BANDARI_FORM_S2+|BANDARI_FORM_S1+|BANDARI_FORM_L|BANDARI_FORM_D|BANDARI_FORM_CS|BANDARI_FORM_C1+|BANDARI_FORM_SNG,GOR_MAHIA_FORM_SNG|GOR_MAHIA_FORM_W|GOR_MAHIA_FORM_C2+|GOR_MAHIA_FORM_C1+|GOR_MAHIA_FORM_S1+|GOR_MAHIA_FORM_L,GOR_MAHIA_WINS_H2H|H2H_U25,,5,,,,2025-12-12T12:30:15.858856,pending,https://www.flashscore.com/match/football/bandari-AuYxVndl/mahia-GU9jbyMo/?mid=YXKhmQFG
hEX5MuR6,12.12.2025,13:00,SERBIA - MOZZART BET PRVA LIGA - ROUND 22,Usce,Dinamo Jug,ADvRvuVg,fNA8iNmq,Dinamo Jug or Draw,Very High,H2H away strong | Usce weak GD | Usce scores 2+,0.7,0.85,NO,NO,1-1,1-1(0.25)|0-1(0.2)|1-0(0.2)|0-0(0.16)|2-1(0.05),10,10,USCE_FORM_S2+|USCE_FORM_L_vs_MID|USCE_FORM_C1+_vs_BOTTOM|USCE_FORM_S1+_vs_BOTTOM|USCE_FORM_L_vs_BOTTOM|USCE_FORM_C1+|USCE_FORM_S1+_vs_TOP|USCE_FORM_C1+_vs_TOP|USCE_FORM_L_vs_TOP|USCE_FORM_L|USCE_FORM_S1+,DINAMO_JUG_FORM_S1+_vs_BOTTOM|DINAMO_JUG_FORM_C1+_vs_BOTTOM|DINAMO_JUG_FORM_W|DINAMO_JUG_FORM_C1+|DINAMO_JUG_FORM_CS|DINAMO_JUG_FORM_S1+|DINAMO_JUG_FORM_W_vs_BOTTOM|DINAMO_JUG_FORM_C1+_vs_MID|DINAMO_JUG_FORM_D|DINAMO_JUG_FORM_S1+_vs_MID,H2H_BTTS|DINAMO_JUG_WINS_H2H|H2H_O25,DINAMO_JUG_GD_POS|USCE_GD_NEG|USCE_BOTTOM5|USCE_GD_NEG_WEAK|DINAMO_JUG_TABLE_ADV8+,1,,,,2025-12-12T12:38:20.089432,pending,https://www.flashscore.com/match/football/dinamo-jug-ADvRvuVg/usce-fNA8iNmq/?mid=hEX5MuR6
8lzxtdA6,12.12.2025,13:00,SEYCHELLES - PREMIER LEAGUE - ROUND 7,Lightstars,Cote d'Or,EuDj3M54,z1fAInfF,Lightstars or Cote d'Or,Low,Lightstars scores 2+ | Cote d'Or scores 2+ | Cote d'Or concedes 2+,1.4,1.0,50/50,NO,1-0,1-0(0.25)|1-1(0.15)|0-0(0.1)|0-1(0.06)|2-0(0.05),10,10,LIGHTSTARS_FORM_C1+_vs_TOP|LIGHTSTARS_FORM_C1+|LIGHTSTARS_FORM_S1+|LIGHTSTARS_FORM_S2+|LIGHTSTARS_FORM_S2+_vs_MID|LIGHTSTARS_FORM_D|LIGHTSTARS_FORM_C1+_vs_MID|LIGHTSTARS_FORM_SNG|LIGHTSTARS_FORM_C2+|LIGHTSTARS_FORM_S1+_vs_MID|LIGHTSTARS_FORM_L,COTE_D'OR_FORM_SNG|COTE_D'OR_FORM_L|COTE_D'OR_FORM_S2+|COTE_D'OR_FORM_C1+_vs_MID|COTE_D'OR_FORM_S1+|COTE_D'OR_FORM_C3+|COTE_D'OR_FORM_C1+|COTE_D'OR_FORM_C2+|COTE_D'OR_FORM_W,H2H_BTTS|H2H_O25,COTE_D'OR_BOTTOM5|LIGHTSTARS_GD_NEG|COTE_D'OR_GD_NEG|LIGHTSTARS_BOTTOM5,5,,,,2025-12-12T12:38:52.737483,pending,https://www.flashscore.com/match/football/cote-d-or-EuDj3M54/lightstars-z1fAInfF/?mid=8lzxtdA6
QotAx91b,12.12.2025,13:00,KENYA - PREMIER LEAGUE - ROUND 13,Bidco United,Mathare Utd.,0zjHr0CN,lzS777jQ,Both Teams To Score No,Low,H2H home strong | Bidco United fails to score | Bidco United strong defense (CS),0.4,0.6,NO,NO,0-1,0-1(0.48)|0-0(0.32)|2-1(0.12)|2-0(0.08),5,5,BIDCO_UNITED_FORM_SNG|BIDCO_UNITED_FORM_CS|BIDCO_UNITED_FORM_L,MATHARE_UTD._FORM_C1+|MATHARE_UTD._FORM_S1+,H2H_U25|BIDCO_UNITED_WINS_H2H,MATHARE_UTD._GD_NEG|BIDCO_UNITED_GD_NEG,5,,,,2025-12-12T12:39:02.566643,pending,https://www.flashscore.com/match/football/bidco-united-0zjHr0CN/mathare-united-lzS777jQ/?mid=QotAx91b
E5T8UDEa,12.12.2025,13:15,LEBANON - PREMIER LEAGUE - ROUND 9,Bourj FC,Racing,bgzfqXd1,EgPzlxzo,Bourj FC or Draw,Very High,Racing weak GD | Bourj FC scores 2+ | Racing scores 2+,1.0,0.1,NO,NO,0-0,0-0(0.54)|1-0(0.09)|2-0(0.09)|0-1(0.06),10,10,BOURJ_FC_FORM_C1+|BOURJ_FC_FORM_CS|BOURJ_FC_FORM_S2+|BOURJ_FC_FORM_L|BOURJ_FC_FORM_S1+|BOURJ_FC_FORM_SNG|BOURJ_FC_FORM_S1+_vs_BOTTOM|BOURJ_FC_FORM_W,RACING_FORM_S2+|RACING_FORM_C1+_vs_BOTTOM|RACING_FORM_SNG_vs_BOTTOM|RACING_FORM_SNG|RACING_FORM_CS|RACING_FORM_L|RACING_FORM_L_vs_BOTTOM|RACING_FORM_S1+_vs_MID|RACING_FORM_C3+|RACING_FORM_C1+|RACING_FORM_S1+|RACING_FORM_L_vs_MID|RACING_FORM_C2+,H2H_BTTS|H2H_O25,RACING_GD_NEG_WEAK|BOURJ_FC_GD_NEG|BOURJ_FC_BOTTOM5|RACING_GD_NEG|RACING_BOTTOM5,5,,,,2025-12-12T12:40:57.201026,pending,https://www.flashscore.com/match/football/bourj-bgzfqXd1/racing-EgPzlxzo/?mid=E5T8UDEa
f7LI5r75,12.12.2025,13:25,SAUDI ARABIA - DIVISION 1 - ROUND 11,Al Jandal,Al Jubail,KYVyZZDD,r1tdCVJC,Al Jandal or Draw,Very High,Al Jandal scores 2+ | Al Jubail concedes 2+ | Al Jubail fails to score,0.8,0.0,NO,NO,0-0,0-0(0.4)|1-0(0.4)|2-0(0.2),5,5,AL_JANDAL_FORM_L|AL_JANDAL_FORM_S1+|AL_JANDAL_FORM_S2+|AL_JANDAL_FORM_C1+,AL_JUBAIL_FORM_C2+|AL_JUBAIL_FORM_SNG|AL_JUBAIL_FORM_L|AL_JUBAIL_FORM_C1+,H2H_BTTS|H2H_O25,,2,,,,2025-12-12T12:41:15.653840,pending,https://www.flashscore.com/match/football/al-jandal-KYVyZZDD/al-jubail-r1tdCVJC/?mid=f7LI5r75
O2wIHb7k,12.12.2025,13:00,THAILAND - THAI LEAGUE 1 - ROUND 15,Chonburi,Kanchanaburi,drd0zlZS,pQqbqyUn,Kanchanaburi or Draw,Low,H2H home strong | Kanchanaburi weak GD | Chonburi scores 2+,1.5,0.9,NO,NO,1-0,1-0(0.36)|1-1(0.12)|0-0(0.06)|2-0(0.06),10,10,CHONBURI_FORM_C1+|CHONBURI_FORM_S1+_vs_MID|CHONBURI_FORM_S1+_vs_BOTTOM|CHONBURI_FORM_C1+_vs_BOTTOM|CHONBURI_FORM_D|CHONBURI_FORM_C1+_vs_MID|CHONBURI_FORM_W|CHONBURI_FORM_L|CHONBURI_FORM_S1+|CHONBURI_FORM_S2+|CHONBURI_FORM_C2+,KANCHANABURI_FORM_S1+_vs_BOTTOM|KANCHANABURI_FORM_L|KANCHANABURI_FORM_C1+_vs_BOTTOM|KANCHANABURI_FORM_CS|KANCHANABURI_FORM_D|KANCHANABURI_FORM_S1+|KANCHANABURI_FORM_S2+|KANCHANABURI_FORM_S1+_vs_MID|KANCHANABURI_FORM_S3+|KANCHANABURI_FORM_C1+,CHONBURI_WINS_H2H,CHONBURI_GD_NEG|KANCHANABURI_BOTTOM5|KANCHANABURI_GD_NEG|CHONBURI_BOTTOM5|KANCHANABURI_GD_NEG_WEAK,2,,,,2025-12-12T12:41:16.644786,pending,https://www.flashscore.com/match/football/chonburi-drd0zlZS/kanchanaburi-pQqbqyUn/?mid=O2wIHb7k
zLHHSiqC,12.12.2025,13:15,LEBANON - PREMIER LEAGUE - ROUND 9,Tadamon,Nejmeh SC,OImkpk5m,hWEObasb,Nejmeh SC or Draw,Very High,H2H away strong | Tadamon concedes 2+ | Tadamon fails to score,1.1,1.7,50/50,50/50,0-2,0-2(0.16)|1-2(0.16)|0-0(0.08)|0-1(0.08)|1-0(0.08),5,5,TADAMON_FORM_SNG|TADAMON_FORM_C1+|TADAMON_FORM_C2+,NEJMEH_SC_FORM_W|NEJMEH_SC_FORM_SNG|NEJMEH_SC_FORM_C1+,H2H_O25|H2H_BTTS|NEJMEH_SC_WINS_H2H,,5,,,,2025-12-12T12:41:32.364574,pending,https://www.flashscore.com/match/football/nejmeh-sc-OImkpk5m/tadamon-hWEObasb/?mid=zLHHSiqC
GM9R3MyI,12.12.2025,13:30,SAUDI ARABIA - DIVISION 1 - ROUND 11,Abha,Al-Ula,lnEqnhJf,OC8T8zk3,Abha or Al-Ula,High,Abha scores 2+ | Abha concedes 2+ | Abha fails to score,2.55,1.3,YES,YES,2-1,2-1(0.24)|2-0(0.08)|0-1(0.06),10,5,ABHA_FORM_S1+|ABHA_FORM_C2+|ABHA_FORM_C3+|ABHA_FORM_S2+|ABHA_FORM_W|ABHA_FORM_SNG|ABHA_FORM_C1+,AL-ULA_FORM_C1+|AL-ULA_FORM_S1+|AL-ULA_FORM_D,,,0,,,,2025-12-12T12:43:39.882432,pending,https://www.flashscore.com/match/football/abha-lnEqnhJf/al-ula-OC8T8zk3/?mid=GM9R3MyI
burSOVt3,12.12.2025,14:00,ISRAEL - LEUMIT LEAGUE - ROUND 15,H. Raanana,Nof Hagalil,2m3GbPH2,GGEeSGq9,Nof Hagalil or Draw,Low,H2H drawish | Nof Hagalil scores 2+ | H. Raanana concedes 2+,1.1,0.4,NO,NO,2-0,2-0(0.24)|0-0(0.18)|1-0(0.18)|2-1(0.16)|0-1(0.12),10,10,H._RAANANA_FORM_C2+_vs_BOTTOM|H._RAANANA_FORM_W|H._RAANANA_FORM_C2+|H._RAANANA_FORM_L|H._RAANANA_FORM_C1+_vs_BOTTOM|H._RAANANA_FORM_SNG_vs_BOTTOM|H._RAANANA_FORM_SNG|H._RAANANA_FORM_S1+|H._RAANANA_FORM_L_vs_BOTTOM|H._RAANANA_FORM_C1+,NOF_HAGALIL_FORM_D|NOF_HAGALIL_FORM_C1+_vs_BOTTOM|NOF_HAGALIL_FORM_S1+_vs_BOTTOM|NOF_HAGALIL_FORM_CS|NOF_HAGALIL_FORM_L|NOF_HAGALIL_FORM_S1+|NOF_HAGALIL_FORM_C1+|NOF_HAGALIL_FORM_D_vs_BOTTOM|NOF_HAGALIL_FORM_S2+,H2H_U25|H2H_D,NOF_HAGALIL_GD_NEG|NOF_HAGALIL_BOTTOM5|H._RAANANA_GD_NEG,5,,,,2025-12-12T13:13:06.120639,pending,https://www.flashscore.com/match/football/h-raanana-2m3GbPH2/nof-hagalil-GGEeSGq9/?mid=burSOVt3
I3uRj1Ns,12.12.2025,14:00,DR CONGO - LIGUE 1 - ROUND 5,Don Bosco,Tshikas,rgPE61eo,bi65l4LN,Don Bosco or Draw,Very High,Don Bosco scores 2+ | Tshikas scores 2+ | Tshikas concedes 2+,1.4,0.89,50/50,NO,0-1,0-1(0.133)|1-1(0.133)|0-0(0.1)|1-0(0.1)|2-1(0.089),10,9,DON_BOSCO_FORM_W|DON_BOSCO_FORM_S1+|DON_BOSCO_FORM_S2+|DON_BOSCO_FORM_CS|DON_BOSCO_FORM_D|DON_BOSCO_FORM_C1+,TSHIKAS_FORM_C2+|TSHIKAS_FORM_L|TSHIKAS_FORM_C1+|TSHIKAS_FORM_S2+|TSHIKAS_FORM_D|TSHIKAS_FORM_S1+,,,0,,,,2025-12-12T12:43:55.971783,pending,https://www.flashscore.com/match/football/don-bosco-rgPE61eo/tshikas-bi65l4LN/?mid=I3uRj1Ns
KYf0AWR9,12.12.2025,14:00,ISRAEL - LEUMIT LEAGUE - ROUND 15,Maccabi Jaffa,Hapoel Kfar Shalem,hjn53BuM,rwgzOnGd,Hapoel Kfar Shalem or Draw,Low,Maccabi Jaffa scores 2+ | Hapoel Kfar Shalem scores 2+ | Hapoel Kfar Shalem concedes 2+,1.7,0.95,50/50,50/50,1-0,1-0(0.16)|1-1(0.16)|2-0(0.12)|2-1(0.12)|0-0(0.04),10,10,MACCABI_JAFFA_FORM_S2+|MACCABI_JAFFA_FORM_C1+_vs_TOP|MACCABI_JAFFA_FORM_C2+_vs_BOTTOM|MACCABI_JAFFA_FORM_S1+|MACCABI_JAFFA_FORM_L_vs_TOP|MACCABI_JAFFA_FORM_W|MACCABI_JAFFA_FORM_L|MACCABI_JAFFA_FORM_C1+|MACCABI_JAFFA_FORM_S1+_vs_BOTTOM|MACCABI_JAFFA_FORM_C2+|MACCABI_JAFFA_FORM_C1+_vs_BOTTOM|MACCABI_JAFFA_FORM_W_vs_BOTTOM|MACCABI_JAFFA_FORM_SNG,HAPOEL_KFAR_SHALEM_FORM_C1+_vs_BOTTOM|HAPOEL_KFAR_SHALEM_FORM_C1+|HAPOEL_KFAR_SHALEM_FORM_S1+|HAPOEL_KFAR_SHALEM_FORM_L|HAPOEL_KFAR_SHALEM_FORM_C2+|HAPOEL_KFAR_SHALEM_FORM_S1+_vs_MID|HAPOEL_KFAR_SHALEM_FORM_S2+|HAPOEL_KFAR_SHALEM_FORM_C1+_vs_TOP|HAPOEL_KFAR_SHALEM_FORM_S2+_vs_MID|HAPOEL_KFAR_SHALEM_FORM_S3+|HAPOEL_KFAR_SHALEM_FORM_W|HAPOEL_KFAR_SHALEM_FORM_S1+_vs_BOTTOM,H2H_BTTS|H2H_O25,MACCABI_JAFFA_BOTTOM5|MACCABI_JAFFA_GD_NEG|HAPOEL_KFAR_SHALEM_GD_POS,5,,,,2025-12-12T13:12:16.841761,pending,https://www.flashscore.com/match/football/hapoel-kfar-shalem-hjn53BuM/maccabi-jaffa-rwgzOnGd/?mid=KYf0AWR9
Sbb88AdM,12.12.2025,14:00,ISRAEL - LEUMIT LEAGUE - ROUND 15,Maccabi Petah Tikva,H. Ironi Rishon,nNbDAhrs,tzLcThTm,Maccabi Petah Tikva or Draw,Very High,H2H home strong | Maccabi Petah Tikva strong GD | Maccabi Petah Tikva scores 2+,1.1,0.9,NO,NO,0-0,0-0(0.24)|1-0(0.24)|0-1(0.08)|1-1(0.08),5,5,MACCABI_PETAH_TIKVA_FORM_S1+|MACCABI_PETAH_TIKVA_FORM_L|MACCABI_PETAH_TIKVA_FORM_CS|MACCABI_PETAH_TIKVA_FORM_S2+,H._IRONI_RISHON_FORM_S1+|H._IRONI_RISHON_FORM_C1+|H._IRONI_RISHON_FORM_C1+_vs_BOTTOM|H._IRONI_RISHON_FORM_S1+_vs_BOTTOM,MACCABI_PETAH_TIKVA_WINS_H2H|H2H_BTTS|H2H_O25,MACCABI_PETAH_TIKVA_GD_POS|MACCABI_PETAH_TIKVA_GD_POS_STRONG|MACCABI_PETAH_TIKVA_TOP3|H._IRONI_RISHON_GD_POS,5,,,,2025-12-12T13:12:58.768207,pending,https://www.flashscore.com/match/football/h-ironi-rishon-nNbDAhrs/maccabi-petah-tikva-tzLcThTm/?mid=Sbb88AdM
nVa6lk5j,12.12.2025,14:00,ISRAEL - LEUMIT LEAGUE - ROUND 15,Hapoel Hadera,Hap. Ramat Gan,29PRngvi,xdPX7jSa,Hapoel Hadera or Draw,Very High,Hapoel Hadera scores 2+ | Hap. Ramat Gan scores 2+ | Hap. Ramat Gan concedes 2+,1.55,1.3,50/50,50/50,0-0,0-0(0.12)|1-0(0.12)|0-1(0.06)|0-2(0.06)|1-1(0.06),10,10,HAPOEL_HADERA_FORM_S1+|HAPOEL_HADERA_FORM_L|HAPOEL_HADERA_FORM_S2+|HAPOEL_HADERA_FORM_CS|HAPOEL_HADERA_FORM_D|HAPOEL_HADERA_FORM_C2+|HAPOEL_HADERA_FORM_S1+_vs_TOP|HAPOEL_HADERA_FORM_C1+|HAPOEL_HADERA_FORM_C3+,HAP._RAMAT_GAN_FORM_L|HAP._RAMAT_GAN_FORM_S1+|HAP._RAMAT_GAN_FORM_C2+|HAP._RAMAT_GAN_FORM_C1+|HAP._RAMAT_GAN_FORM_C3+|HAP._RAMAT_GAN_FORM_W|HAP._RAMAT_GAN_FORM_S2+|HAP._RAMAT_GAN_FORM_SNG|HAP._RAMAT_GAN_FORM_C1+_vs_MID,H2H_BTTS,HAP._RAMAT_GAN_GD_POS|HAPOEL_HADERA_GD_NEG|HAPOEL_HADERA_BOTTOM5,2,,,,2025-12-12T13:15:11.836669,pending,https://www.flashscore.com/match/football/hapoel-hadera-29PRngvi/hapoel-ramat-gan-xdPX7jSa/?mid=nVa6lk5j
hUsY6cLH,12.12.2025,14:00,ISRAEL - LEUMIT LEAGUE - ROUND 15,MS Kafr Qasim,Ironi Modiin,zsnMjzSE,KtEMhbTp,Ironi Modiin or Draw,Low,MS Kafr Qasim scores 2+ | Ironi Modiin scores 2+ | Ironi Modiin concedes 2+,1.65,0.9,50/50,50/50,1-0,1-0(0.16)|1-1(0.12)|1-2(0.12)|0-0(0.08)|0-1(0.06),10,10,MS_KAFR_QASIM_FORM_C1+|MS_KAFR_QASIM_FORM_C2+|MS_KAFR_QASIM_FORM_L|MS_KAFR_QASIM_FORM_S2+|MS_KAFR_QASIM_FORM_S1+|MS_KAFR_QASIM_FORM_SNG|MS_KAFR_QASIM_FORM_W,IRONI_MODIIN_FORM_C1+|IRONI_MODIIN_FORM_C2+|IRONI_MODIIN_FORM_S2+|IRONI_MODIIN_FORM_W|IRONI_MODIIN_FORM_S3+|IRONI_MODIIN_FORM_L|IRONI_MODIIN_FORM_S1+,,,0,,,,2025-12-12T13:15:18.459407,pending,https://www.flashscore.com/match/football/ironi-modiin-zsnMjzSE/ms-kafr-qasim-KtEMhbTp/?mid=hUsY6cLH
67jgRvAc,12.12.2025,14:00,ITALY - PRIMAVERA 1 - ROUND 15,Bologna U20,AC Milan U20,UTnkO11b,xx5LOEnH,Under 2.5,Low,Home xG advantage,1.2,0.4,50/50,NO,1-0,1-0(0.48)|1-1(0.32)|2-0(0.12)|2-1(0.08),5,5,BOLOGNA_U20_FORM_C1+|BOLOGNA_U20_FORM_C1+_vs_BOTTOM|BOLOGNA_U20_FORM_S1+,AC_MILAN_U20_FORM_S1+|AC_MILAN_U20_FORM_D|AC_MILAN_U20_FORM_C1+,H2H_BTTS|H2H_O25,AC_MILAN_U20_GD_POS,2,,,,2025-12-12T13:16:19.134248,pending,https://www.flashscore.com/match/football/ac-milan-UTnkO11b/bologna-xx5LOEnH/?mid=67jgRvAc
S8qcSrCr,12.12.2025,14:00,RWANDA - PREMIER LEAGUE,Police,Gasogi United,4zFRxHeP,lQa4Wj7A,Police or Draw,Low,H2H home strong | Gasogi United scores 2+ | Gasogi United concedes 2+,0.9,0.85,NO,NO,1-0,1-0(0.25)|0-0(0.15)|1-1(0.15)|2-0(0.1)|0-1(0.09),10,10,POLICE_FORM_C1+|POLICE_FORM_SNG|POLICE_FORM_C1+_vs_MID|POLICE_FORM_W_vs_BOTTOM|POLICE_FORM_D|POLICE_FORM_CS_vs_BOTTOM|POLICE_FORM_W|POLICE_FORM_S1+|POLICE_FORM_S1+_vs_BOTTOM|POLICE_FORM_CS,GASOGI_UNITED_FORM_S1+|GASOGI_UNITED_FORM_W|GASOGI_UNITED_FORM_C2+|GASOGI_UNITED_FORM_C1+|GASOGI_UNITED_FORM_CS|GASOGI_UNITED_FORM_SNG|GASOGI_UNITED_FORM_W_vs_BOTTOM|GASOGI_UNITED_FORM_L|GASOGI_UNITED_FORM_S1+_vs_BOTTOM|GASOGI_UNITED_FORM_C1+_vs_BOTTOM|GASOGI_UNITED_FORM_SNG_vs_BOTTOM|GASOGI_UNITED_FORM_S2+,H2H_U25|POLICE_WINS_H2H,GASOGI_UNITED_GD_POS|POLICE_GD_POS|POLICE_TOP3,5,,,,2025-12-12T13:18:10.363948,pending,https://www.flashscore.com/match/football/gasogi-united-4zFRxHeP/police-lQa4Wj7A/?mid=S8qcSrCr
CKsedyBT,12.12.2025,14:00,UGANDA - PREMIER LEAGUE - ROUND 10,Kitara,Maroons,W0aMZOUR,hj8xMlGq,Both Teams To Score No,Low,Kitara strong defense (CS) | Maroons strong defense (CS) | Home xG advantage,1.5,0.6,NO,NO,1-0,1-0(0.24)|0-0(0.12)|2-0(0.12)|1-1(0.08)|1-2(0.08),5,5,KITARA_FORM_W_vs_BOTTOM|KITARA_FORM_CS|KITARA_FORM_W|KITARA_FORM_S1+,MAROONS_FORM_S1+|MAROONS_FORM_CS,H2H_U25,KITARA_GD_POS|MAROONS_GD_POS,4,,,,2025-12-12T13:18:11.766763,pending,https://www.flashscore.com/match/football/kitara-W0aMZOUR/maroons-hj8xMlGq/?mid=CKsedyBT
IJH9eIZr,12.12.2025,14:15,WORLD - CLUB FRIENDLY,OLS Oulu (Fin),AC Oulu (Fin),Y35Jer59,Odzqm8ie,OLS Oulu (Fin) or Draw,Low,H2H drawish | OLS Oulu (Fin) scores 2+ | AC Oulu (Fin) scores 2+,1.8,1.45,50/50,50/50,2-2,2-2(0.25)|2-0(0.15)|0-2(0.1)|0-0(0.06)|1-2(0.05),10,10,OLS_OULU_(FIN)_FORM_S1+|OLS_OULU_(FIN)_FORM_C1+|OLS_OULU_(FIN)_FORM_S3+|OLS_OULU_(FIN)_FORM_C2+|OLS_OULU_(FIN)_FORM_D|OLS_OULU_(FIN)_FORM_L|OLS_OULU_(FIN)_FORM_S2+,AC_OULU_(FIN)_FORM_S2+|AC_OULU_(FIN)_FORM_S1+|AC_OULU_(FIN)_FORM_CS|AC_OULU_(FIN)_FORM_C1+|AC_OULU_(FIN)_FORM_SNG|AC_OULU_(FIN)_FORM_C2+|AC_OULU_(FIN)_FORM_L,H2H_D|H2H_BTTS|H2H_O25,,5,,,,2025-12-12T13:24:14.476579,pending,https://www.flashscore.com/match/football/ac-oulu-Y35Jer59/ols-oulu-Odzqm8ie/?mid=IJH9eIZr
4rMuHv8t,12.12.2025,14:30,UKRAINE - PREMIER LEAGUE - ROUND 16,Oleksandriya,Kudrivka,nmVantfF,nHJnN4vh,Oleksandriya,High,Oleksandriya weak GD | Kudrivka weak GD | Oleksandriya scores 2+,0.6,0.4,NO,NO,0-0,0-0(0.48)|1-0(0.16)|2-0(0.16)|0-2(0.12)|1-2(0.04),5,5,OLEKSANDRIYA_FORM_C1+|OLEKSANDRIYA_FORM_S1+|OLEKSANDRIYA_FORM_L_vs_TOP|OLEKSANDRIYA_FORM_S2+|OLEKSANDRIYA_FORM_L,KUDRIVKA_FORM_C1+|KUDRIVKA_FORM_L|KUDRIVKA_FORM_C2+|KUDRIVKA_FORM_S1+,H2H_BTTS|H2H_O25,OLEKSANDRIYA_GD_NEG|KUDRIVKA_GD_NEG|KUDRIVKA_GD_NEG_WEAK|KUDRIVKA_BOTTOM5|OLEKSANDRIYA_BOTTOM5|OLEKSANDRIYA_GD_NEG_WEAK,2,,,,2025-12-12T13:25:38.488126,pending,https://www.flashscore.com/match/football/kudrivka-nmVantfF/oleksandriya-nHJnN4vh/?mid=4rMuHv8t
4lmIIfVh,12.12.2025,15:00,REPUBLIC OF THE CONGO - LIGUE 1 - ROUND 14,JS Talangai,Juk,WIBosHcG,8ObpuJwQ,JS Talangai or Juk,Low,Juk scores 2+ | Juk concedes 2+ | JS Talangai concedes 2+,1.75,0.5,NO,NO,0-0,0-0(0.21)|2-0(0.21)|1-0(0.07)|0-2(0.06)|2-2(0.06),10,10,JS_TALANGAI_FORM_D|JS_TALANGAI_FORM_W|JS_TALANGAI_FORM_C2+|JS_TALANGAI_FORM_CS|JS_TALANGAI_FORM_C1+|JS_TALANGAI_FORM_S1+|JS_TALANGAI_FORM_SNG,JUK_FORM_C2+_vs_TOP|JUK_FORM_S2+|JUK_FORM_C1+_vs_TOP|JUK_FORM_C1+|JUK_FORM_CS|JUK_FORM_SNG|JUK_FORM_C2+|JUK_FORM_S1+|JUK_FORM_L,H2H_U25,JUK_BOTTOM5,5,,,,2025-12-12T13:25:43.661456,pending,https://www.flashscore.com/match/football/js-talangai-WIBosHcG/juk-8ObpuJwQ/?mid=4lmIIfVh
hWpwPwQE,12.12.2025,15:00,DR CONGO - LIGUE 1 - ROUND 9,Renaissance,Maniema,2BaHDFR2,v9rrw7PE,Under 2.5,Low,H2H away strong | Close xG suggests draw,0.8,0.8,50/50,NO,0-1,0-1(0.32)|1-1(0.32)|2-1(0.16)|0-0(0.08)|1-0(0.08),5,5,RENAISSANCE_FORM_L|RENAISSANCE_FORM_C1+|RENAISSANCE_FORM_S1+,MANIEMA_FORM_S1+|MANIEMA_FORM_C1+|MANIEMA_FORM_D,MANIEMA_WINS_H2H|H2H_O25|H2H_BTTS,RENAISSANCE_BOTTOM5|MANIEMA_GD_POS|RENAISSANCE_GD_NEG,5,,,,2025-12-12T13:25:44.913717,pending,https://www.flashscore.com/match/football/as-maniema-2BaHDFR2/oc-renaissance-v9rrw7PE/?mid=hWpwPwQE
QcfE2mCr,12.12.2025,15:30,QATAR - QSL CUP - ROUND 9,Al Rayyan,Al-Sadd,SWo1QmYO,AkENgqwB,Al-Sadd or Draw,Low,H2H away strong | Al-Sadd scores 2+ | Al-Sadd concedes 2+,2.3,1.45,50/50,YES,1-0,1-0(0.12)|2-0(0.12)|1-1(0.06)|2-1(0.06),10,10,AL_RAYYAN_FORM_W|AL_RAYYAN_FORM_S1+|AL_RAYYAN_FORM_C1+|AL_RAYYAN_FORM_C3+|AL_RAYYAN_FORM_C2+,AL-SADD_FORM_C1+|AL-SADD_FORM_W|AL-SADD_FORM_S3+|AL-SADD_FORM_S1+|AL-SADD_FORM_C3+|AL-SADD_FORM_C2+|AL-SADD_FORM_S2+|AL-SADD_FORM_L,H2H_BTTS|H2H_O25|AL-SADD_WINS_H2H,,5,,,,2025-12-12T13:27:38.541997,pending,https://www.flashscore.com/match/football/al-rayyan-SWo1QmYO/al-sadd-AkENgqwB/?mid=QcfE2mCr
t2YqvzuJ,12.12.2025,15:30,SEYCHELLES - PREMIER LEAGUE - ROUND 7,Bel Air,Saint Louis,KxTOlfF9,OjFGAutG,Bel Air or Saint Louis,Low,Bel Air scores 2+ | Saint Louis scores 2+ | Saint Louis concedes 2+,1.85,1.0,50/50,50/50,1-0,1-0(0.16)|1-2(0.16)|1-1(0.08)|2-0(0.08)|2-2(0.08),10,10,BEL_AIR_FORM_D|BEL_AIR_FORM_S1+|BEL_AIR_FORM_C2+|BEL_AIR_FORM_W|BEL_AIR_FORM_S2+|BEL_AIR_FORM_C1+,SAINT_LOUIS_FORM_S1+|SAINT_LOUIS_FORM_C2+|SAINT_LOUIS_FORM_S2+|SAINT_LOUIS_FORM_C1+|SAINT_LOUIS_FORM_L|SAINT_LOUIS_FORM_S3+|SAINT_LOUIS_FORM_W,,,0,,,,2025-12-12T13:28:37.979200,pending,https://www.flashscore.com/match/football/bel-air-KxTOlfF9/saint-louis-OjFGAutG/?mid=t2YqvzuJ
2eX9PfwR,12.12.2025,16:00,GHANA - DIVISION ONE LEAGUE - ROUND 11,ADVSA,Port City,Q9bvX5Vr,lQMihCnJ,ADVSA,High,Port City concedes 2+,1.4,1.7,YES,50/50,2-2,2-2(0.24)|2-0(0.12)|2-1(0.12)|0-2(0.08)|1-2(0.08),5,5,ADVSA_FORM_S1+|ADVSA_FORM_C1+|ADVSA_FORM_W,PORT_CITY_FORM_C1+|PORT_CITY_FORM_C2+|PORT_CITY_FORM_W|PORT_CITY_FORM_S1+,H2H_U25,,2,,,,2025-12-12T13:28:38.480515,pending,https://www.flashscore.com/match/football/attram-de-visser-Q9bvX5Vr/port-city-lQMihCnJ/?mid=2eX9PfwR
OnDZ106U,12.12.2025,15:50,SAUDI ARABIA - DIVISION 1 - ROUND 11,Al Bukiryah,Al Taee,A7YIBlI0,xYXsXyUh,Al Bukiryah,High,Al Taee concedes 2+ | Al Taee fails to score,1.5,1.1,NO,50/50,1-0,1-0(0.24)|0-0(0.12)|2-0(0.12)|1-2(0.08)|0-2(0.04),5,5,AL_BUKIRYAH_FORM_W|AL_BUKIRYAH_FORM_S1+|AL_BUKIRYAH_FORM_C1+|AL_BUKIRYAH_FORM_C1+_vs_BOTTOM|AL_BUKIRYAH_FORM_S1+_vs_BOTTOM|AL_BUKIRYAH_FORM_W_vs_BOTTOM,AL_TAEE_FORM_C1+|AL_TAEE_FORM_C1+_vs_BOTTOM|AL_TAEE_FORM_SNG|AL_TAEE_FORM_C2+_vs_BOTTOM|AL_TAEE_FORM_C2+,H2H_O25,AL_TAEE_GD_POS|AL_BUKIRYAH_GD_NEG,5,,,,2025-12-12T13:30:19.297941,pending,https://www.flashscore.com/match/football/al-bukiryah-A7YIBlI0/al-taee-xYXsXyUh/?mid=OnDZ106U
r5qMLDth,12.12.2025,16:30,BURKINA FASO - PREMIER LEAGUE - ROUND 13,USFA,ASF Dioulasso,fBqR7wGD,vumapfhE,USFA or Draw,Very High,H2H drawish | USFA scores 2+ | USFA fails to score,1.05,0.6,NO,NO,1-0,1-0(0.3)|0-0(0.18)|1-1(0.1)|1-2(0.1)|0-1(0.06),10,10,USFA_FORM_D_vs_BOTTOM|USFA_FORM_D|USFA_FORM_W|USFA_FORM_S1+_vs_BOTTOM|USFA_FORM_C1+_vs_BOTTOM|USFA_FORM_CS|USFA_FORM_S1+|USFA_FORM_L|USFA_FORM_S2+|USFA_FORM_C1+|USFA_FORM_SNG,ASF_DIOULASSO_FORM_CS|ASF_DIOULASSO_FORM_W|ASF_DIOULASSO_FORM_S1+|ASF_DIOULASSO_FORM_W_vs_BOTTOM|ASF_DIOULASSO_FORM_S1+_vs_BOTTOM|ASF_DIOULASSO_FORM_C1+|ASF_DIOULASSO_FORM_D|ASF_DIOULASSO_FORM_C1+_vs_BOTTOM|ASF_DIOULASSO_FORM_SNG,H2H_D|H2H_U25,USFA_GD_POS|ASF_DIOULASSO_TOP3|ASF_DIOULASSO_GD_POS,5,,,,2025-12-12T13:32:03.315792,pending,https://www.flashscore.com/match/football/asf-dioulasso-fBqR7wGD/usfa-vumapfhE/?mid=r5qMLDth
f3kds0As,12.12.2025,16:30,ROMANIA - LIGA 2 - ROUND 17,Sepsi Sf. Gheorghe,Concordia,prfxAf0i,IDsPIcMA,Both Teams To Score No,Low,Sepsi Sf. Gheorghe scores 2+ | Sepsi Sf. Gheorghe concedes 2+ | Concordia fails to score,2.1,0.7,NO,NO,2-0,2-0(0.48)|1-0(0.16),5,5,SEPSI_SF._GHEORGHE_FORM_C2+_vs_BOTTOM|SEPSI_SF._GHEORGHE_FORM_S1+|SEPSI_SF._GHEORGHE_FORM_W|SEPSI_SF._GHEORGHE_FORM_C2+|SEPSI_SF._GHEORGHE_FORM_C1+|SEPSI_SF._GHEORGHE_FORM_C1+_vs_BOTTOM|SEPSI_SF._GHEORGHE_FORM_S2+,CONCORDIA_FORM_SNG|CONCORDIA_FORM_CS,H2H_U25,SEPSI_SF._GHEORGHE_TOP3|SEPSI_SF._GHEORGHE_GD_POS|CONCORDIA_GD_POS,5,,,,2025-12-12T13:32:04.672678,pending,https://www.flashscore.com/match/football/concordia-prfxAf0i/sepsi-IDsPIcMA/?mid=f3kds0As
r17O3U9t,12.12.2025,16:30,GHANA - PREMIER LEAGUE - ROUND 14,Heart of Lions,Aduana,Ecy3FIOl,pI7Ye272,Heart of Lions or Draw,Very High,Heart of Lions scores 2+ | Heart of Lions fails to score | Aduana fails to score,1.15,0.7,NO,NO,1-0,1-0(0.2)|0-0(0.15)|1-1(0.12)|2-0(0.1)|0-1(0.09),10,10,HEART_OF_LIONS_FORM_S2+|HEART_OF_LIONS_FORM_SNG|HEART_OF_LIONS_FORM_W|HEART_OF_LIONS_FORM_D|HEART_OF_LIONS_FORM_S1+|HEART_OF_LIONS_FORM_C1+|HEART_OF_LIONS_FORM_CS,ADUANA_FORM_SNG|ADUANA_FORM_D|ADUANA_FORM_S1+|ADUANA_FORM_W|ADUANA_FORM_C1+|ADUANA_FORM_CS,H2H_U25|H2H_BTTS,,5,,,,2025-12-12T13:32:22.990674,pending,https://www.flashscore.com/match/football/aduana-stars-Ecy3FIOl/heart-of-lions-pI7Ye272/?mid=r17O3U9t
8t25BzxI,12.12.2025,17:00,UKRAINE - PREMIER LEAGUE - ROUND 16,Obolon,Metalist 1925,W0X2VHyL,bN0dYbAh,Obolon,Low,Obolon weak GD | Metalist 1925 concedes 2+ | Obolon strong defense (CS),0.4,1.1,NO,NO,0-0,0-0(0.48)|0-2(0.16)|2-0(0.12)|2-2(0.04),5,5,OBOLON_FORM_CS|OBOLON_FORM_L|OBOLON_FORM_S1+,METALIST_1925_FORM_C1+|METALIST_1925_FORM_C2+|METALIST_1925_FORM_S1+,H2H_U25,OBOLON_GD_NEG|METALIST_1925_GD_POS|OBOLON_GD_NEG_WEAK,5,,,,2025-12-12T13:34:37.703081,pending,https://www.flashscore.com/match/football/metalist-1925-W0X2VHyL/obolon-bN0dYbAh/?mid=8t25BzxI
OYXtdHFD,12.12.2025,17:00,NIGER - SUPER LIGUE - ROUND 9,AS ZAM,Renaissance,jL9qWdNF,hjxMLTIt,AS ZAM,High,Renaissance concedes 2+ | Home xG advantage,1.44,0.4,50/50,NO,1-0,1-0(0.45)|1-1(0.3)|2-0(0.075)|2-1(0.05),8,5,AS_ZAM_FORM_D|AS_ZAM_FORM_S1+_vs_MID|AS_ZAM_FORM_S1+|AS_ZAM_FORM_C1+_vs_MID|AS_ZAM_FORM_C1+|AS_ZAM_FORM_W,RENAISSANCE_FORM_L|RENAISSANCE_FORM_C2+|RENAISSANCE_FORM_C1+|RENAISSANCE_FORM_S1+,,RENAISSANCE_BOTTOM5|AS_ZAM_TABLE_ADV8+|AS_ZAM_GD_POS|RENAISSANCE_GD_NEG,0,,,,2025-12-12T13:34:40.852291,pending,https://www.flashscore.com/match/football/as-zam-jL9qWdNF/renaissance-hjxMLTIt/?mid=OYXtdHFD
nFVQ2aa3,12.12.2025,17:00,MALI - PREMIERE DIVISION - ROUND 4,Bougouba,Derby Academie,UZZqsih6,ETo42tph,Bougouba or Draw,Very High,Bougouba scores 2+ | Bougouba concedes 2+ | Bougouba fails to score,1.25,0.0,NO,NO,0-0,0-0(0.4)|2-0(0.4)|1-0(0.1),10,2,BOUGOUBA_FORM_W|BOUGOUBA_FORM_C1+_vs_BOTTOM|BOUGOUBA_FORM_CS_vs_BOTTOM|BOUGOUBA_FORM_W_vs_BOTTOM|BOUGOUBA_FORM_S1+|BOUGOUBA_FORM_CS|BOUGOUBA_FORM_C1+|BOUGOUBA_FORM_S2+_vs_BOTTOM|BOUGOUBA_FORM_C2+|BOUGOUBA_FORM_L_vs_BOTTOM|BOUGOUBA_FORM_SNG|BOUGOUBA_FORM_S3+|BOUGOUBA_FORM_S2+|BOUGOUBA_FORM_S1+_vs_BOTTOM|BOUGOUBA_FORM_L,,,DERBY_ACADEMIE_BOTTOM5|DERBY_ACADEMIE_GD_NEG,0,,,,2025-12-12T13:35:09.457391,pending,https://www.flashscore.com/match/football/bougouba-UZZqsih6/derby-academie-ETo42tph/?mid=nFVQ2aa3
juQSJK7K,12.12.2025,17:00,NIGER - SUPER LIGUE - ROUND 9,Douanes Niamey,Olympic Niamey,zofpZTdb,YZ1yozgK,Both Teams To Score No,Low,Douanes Niamey scores 2+ | Olympic Niamey scores 2+ | Douanes Niamey strong defense (CS),1.3,0.65,NO,NO,1-0,1-0(0.28)|0-0(0.21)|2-0(0.07)|1-1(0.04)|1-2(0.04),10,10,DOUANES_NIAMEY_FORM_S1+|DOUANES_NIAMEY_FORM_C1+|DOUANES_NIAMEY_FORM_S2+|DOUANES_NIAMEY_FORM_CS|DOUANES_NIAMEY_FORM_W|DOUANES_NIAMEY_FORM_S1+_vs_BOTTOM|DOUANES_NIAMEY_FORM_S1+_vs_TOP|DOUANES_NIAMEY_FORM_L,OLYMPIC_NIAMEY_FORM_CS|OLYMPIC_NIAMEY_FORM_D|OLYMPIC_NIAMEY_FORM_L|OLYMPIC_NIAMEY_FORM_L_vs_BOTTOM|OLYMPIC_NIAMEY_FORM_C1+|OLYMPIC_NIAMEY_FORM_S1+|OLYMPIC_NIAMEY_FORM_C1+_vs_BOTTOM|OLYMPIC_NIAMEY_FORM_S2+|OLYMPIC_NIAMEY_FORM_S1+_vs_BOTTOM|OLYMPIC_NIAMEY_FORM_CS_vs_TOP,H2H_U25,OLYMPIC_NIAMEY_GD_NEG|OLYMPIC_NIAMEY_BOTTOM5,5,,,,2025-12-12T13:35:16.327808,pending,https://www.flashscore.com/match/football/douanes-niamey-zofpZTdb/olympic-niamey-YZ1yozgK/?mid=juQSJK7K
nDrN0Rte,12.12.2025,17:30,QATAR - QSL CUP - ROUND 9,Al Bidda,Qatar SC,n3Oc2XYt,YglhkXAP,Al Bidda or Qatar SC,Low,Al Bidda scores 2+ | Qatar SC scores 2+ | Qatar SC concedes 2+,1.95,1.2,50/50,50/50,2-1,2-1(0.2)|2-0(0.12)|0-1(0.1)|0-0(0.06)|1-1(0.05),10,10,AL_BIDDA_FORM_C2+|AL_BIDDA_FORM_C1+|AL_BIDDA_FORM_W|AL_BIDDA_FORM_SNG|AL_BIDDA_FORM_S2+|AL_BIDDA_FORM_S1+|AL_BIDDA_FORM_D|AL_BIDDA_FORM_S3+,QATAR_SC_FORM_S2+|QATAR_SC_FORM_C1+|QATAR_SC_FORM_S3+|QATAR_SC_FORM_S1+|QATAR_SC_FORM_L|QATAR_SC_FORM_C2+|QATAR_SC_FORM_W,,,0,,,,2025-12-12T13:37:36.585561,pending,https://www.flashscore.com/match/football/al-bidda-n3Oc2XYt/qatar-sc-YglhkXAP/?mid=nDrN0Rte
n3w2CgGj,12.12.2025,17:30,BURUNDI - PRIMUS LEAGUE - ROUND 8,Aigle Noir,Musongati,ATkWI8PI,McALrAUE,Musongati or Draw,Low,H2H home strong | Aigle Noir scores 2+ | Musongati scores 2+,1.6,0.9,50/50,50/50,1-1,1-1(0.15)|2-1(0.15)|0-1(0.1)|1-0(0.09)|2-0(0.09),10,10,AIGLE_NOIR_FORM_W|AIGLE_NOIR_FORM_S1+|AIGLE_NOIR_FORM_SNG|AIGLE_NOIR_FORM_C2+|AIGLE_NOIR_FORM_S2+|AIGLE_NOIR_FORM_C1+,MUSONGATI_FORM_S2+|MUSONGATI_FORM_W|MUSONGATI_FORM_S1+|MUSONGATI_FORM_D|MUSONGATI_FORM_CS|MUSONGATI_FORM_C1+|MUSONGATI_FORM_SNG,AIGLE_NOIR_WINS_H2H|H2H_U25,,5,,,,2025-12-12T13:37:46.177378,pending,https://www.flashscore.com/match/football/aigle-noir-ATkWI8PI/musongati-McALrAUE/?mid=n3w2CgGj
YTtVb5B7,12.12.2025,17:30,QATAR - QSL CUP - ROUND 9,Al Mesaimeer,Al Sailiya,ImQG73To,4xuOqBYn,Al Mesaimeer or Draw,Low,Al Mesaimeer scores 2+ | Al Sailiya scores 2+ | Al Sailiya concedes 2+,1.8,1.4,YES,50/50,1-0,1-0(0.15)|1-1(0.15)|1-2(0.1)|2-0(0.09)|2-1(0.09),10,10,AL_MESAIMEER_FORM_S1+|AL_MESAIMEER_FORM_C2+|AL_MESAIMEER_FORM_L|AL_MESAIMEER_FORM_D|AL_MESAIMEER_FORM_C1+|AL_MESAIMEER_FORM_C3+|AL_MESAIMEER_FORM_S2+,AL_SAILIYA_FORM_C3+|AL_SAILIYA_FORM_W|AL_SAILIYA_FORM_S3+|AL_SAILIYA_FORM_C1+|AL_SAILIYA_FORM_L|AL_SAILIYA_FORM_SNG|AL_SAILIYA_FORM_C2+|AL_SAILIYA_FORM_S2+|AL_SAILIYA_FORM_S1+,H2H_BTTS|H2H_O25,,5,,,,2025-12-12T13:37:52.559945,pending,https://www.flashscore.com/match/football/al-mesaimeer-ImQG73To/al-sailiya-4xuOqBYn/?mid=YTtVb5B7
zkumuNwH,12.12.2025,18:00,AUSTRIA - 2. LIGA - ROUND 17,Kapfenberg,Floridsdorfer AC,r9HwRaWH,SUpSZy5K,Floridsdorfer AC or Draw,High,H2H drawish | Floridsdorfer AC strong GD | Kapfenberg weak GD,1.4,1.2,YES,50/50,1-1,1-1(0.24)|1-2(0.24)|2-1(0.16)|2-2(0.16)|1-0(0.12),5,5,KAPFENBERG_FORM_S1+|KAPFENBERG_FORM_S2+|KAPFENBERG_FORM_L|KAPFENBERG_FORM_C2+|KAPFENBERG_FORM_C1+,FLORIDSDORFER_AC_FORM_S1+|FLORIDSDORFER_AC_FORM_W|FLORIDSDORFER_AC_FORM_C1+|FLORIDSDORFER_AC_FORM_C1+_vs_TOP,H2H_D|H2H_BTTS|H2H_U25,KAPFENBERG_GD_NEG|KAPFENBERG_BOTTOM5|KAPFENBERG_GD_NEG_WEAK|FLORIDSDORFER_AC_GD_POS|FLORIDSDORFER_AC_GD_POS_STRONG,5,,,,2025-12-12T13:44:31.413933,pending,https://www.flashscore.com/match/football/floridsdorfer-ac-wien-r9HwRaWH/kapfenberg-SUpSZy5K/?mid=zkumuNwH
rZQwq5vh,12.12.2025,18:00,AUSTRIA - 2. LIGA - ROUND 17,Austria Vienna (Am),A. Klagenfurt,hIayizS6,C4FBQHlQ,Both Teams To Score No,Low,H2H away strong | Austria Vienna (Am) scores 2+ | A. Klagenfurt scores 2+,1.0,0.6,NO,NO,0-0,0-0(0.24)|2-0(0.24)|1-0(0.12)|0-1(0.08)|0-2(0.08),5,5,AUSTRIA_VIENNA_(AM)_FORM_C1+|AUSTRIA_VIENNA_(AM)_FORM_L|AUSTRIA_VIENNA_(AM)_FORM_S2+|AUSTRIA_VIENNA_(AM)_FORM_S1+,A._KLAGENFURT_FORM_C1+|A._KLAGENFURT_FORM_L|A._KLAGENFURT_FORM_S1+|A._KLAGENFURT_FORM_S2+,H2H_BTTS|A._KLAGENFURT_WINS_H2H|H2H_O25,AUSTRIA_VIENNA_(AM)_GD_NEG|A._KLAGENFURT_GD_NEG,5,,,,2025-12-12T13:44:47.070664,pending,https://www.flashscore.com/match/football/a-klagenfurt-hIayizS6/austria-vienna-C4FBQHlQ/?mid=rZQwq5vh
SQriL1no,12.12.2025,18:00,AUSTRIA - 2. LIGA - ROUND 17,Hertha Wels,A. Lustenau,655zEcZJ,6i1ocvXH,A. Lustenau,Low,H2H away strong | A. Lustenau strong defense (CS) | Home xG advantage,1.3,0.4,NO,NO,1-0,1-0(0.48)|0-0(0.16)|1-2(0.12)|0-2(0.04),5,5,HERTHA_WELS_FORM_S1+|HERTHA_WELS_FORM_D|HERTHA_WELS_FORM_C1+,A._LUSTENAU_FORM_S1+|A._LUSTENAU_FORM_CS,A._LUSTENAU_WINS_H2H|H2H_U25,A._LUSTENAU_GD_POS|HERTHA_WELS_GD_NEG|HERTHA_WELS_BOTTOM5,1,,,,2025-12-12T13:44:56.041774,pending,https://www.flashscore.com/match/football/a-lustenau-655zEcZJ/hogo-hertha-wels-6i1ocvXH/?mid=SQriL1no
drhLQNON,12.12.2025,18:00,AUSTRIA - 2. LIGA - ROUND 17,Liefering,SK Rapid II,Cv27lapN,Yuu4T0aG,SK Rapid II or Draw,High,H2H drawish | Liefering scores 2+ | SK Rapid II scores 2+,1.5,1.3,NO,50/50,0-0,0-0(0.16)|2-0(0.16)|0-1(0.08)|0-2(0.08)|2-1(0.08),5,5,LIEFERING_FORM_C2+|LIEFERING_FORM_S1+|LIEFERING_FORM_S2+|LIEFERING_FORM_C1+,SK_RAPID_II_FORM_W|SK_RAPID_II_FORM_C1+_vs_BOTTOM|SK_RAPID_II_FORM_S2+|SK_RAPID_II_FORM_S1+_vs_BOTTOM|SK_RAPID_II_FORM_C1+|SK_RAPID_II_FORM_S2+_vs_BOTTOM|SK_RAPID_II_FORM_W_vs_BOTTOM|SK_RAPID_II_FORM_S1+,H2H_D|H2H_BTTS|H2H_U25,SK_RAPID_II_GD_NEG|LIEFERING_GD_NEG,5,,,,2025-12-12T13:47:27.372498,pending,https://www.flashscore.com/match/football/fc-liefering-Cv27lapN/rapid-vienna-Yuu4T0aG/?mid=drhLQNON
WCtwRVFE,12.12.2025,18:00,ITALY - PRIMAVERA 1 - ROUND 15,AS Roma U20,Lazio U20,YF6nYqJ7,Sp2nsd2o,AS Roma U20 or Draw,Very High,H2H home strong | AS Roma U20 scores 2+ | Lazio U20 scores 2+,1.35,0.5,50/50,NO,1-0,1-0(0.2)|1-1(0.2)|2-0(0.15)|2-1(0.15)|0-0(0.1),10,10,AS_ROMA_U20_FORM_CS|AS_ROMA_U20_FORM_S1+|AS_ROMA_U20_FORM_L|AS_ROMA_U20_FORM_W|AS_ROMA_U20_FORM_C1+|AS_ROMA_U20_FORM_S2+,LAZIO_U20_FORM_S2+|LAZIO_U20_FORM_S1+|LAZIO_U20_FORM_W|LAZIO_U20_FORM_C1+|LAZIO_U20_FORM_L|LAZIO_U20_FORM_CS,AS_ROMA_U20_WINS_H2H,,2,,,,2025-12-12T13:52:15.228332,pending,https://www.flashscore.com/match/football/as-roma-YF6nYqJ7/lazio-Sp2nsd2o/?mid=WCtwRVFE
8hh38MFa,12.12.2025,18:00,UGANDA - PREMIER LEAGUE - ROUND 10,Kampala City,NEC FC,fwjo7kpb,vXYNKJKR,Kampala City or NEC FC,Low,H2H away strong | Kampala City scores 2+ | Kampala City concedes 2+,1.35,0.6,50/50,NO,2-1,2-1(0.24)|0-1(0.18)|2-0(0.16)|0-0(0.12)|1-1(0.12),10,10,KAMPALA_CITY_FORM_S2+|KAMPALA_CITY_FORM_W|KAMPALA_CITY_FORM_C1+_vs_BOTTOM|KAMPALA_CITY_FORM_W_vs_BOTTOM|KAMPALA_CITY_FORM_C2+_vs_BOTTOM|KAMPALA_CITY_FORM_S1+_vs_BOTTOM|KAMPALA_CITY_FORM_SNG|KAMPALA_CITY_FORM_C1+|KAMPALA_CITY_FORM_C2+|KAMPALA_CITY_FORM_S1+,NEC_FC_FORM_C1+|NEC_FC_FORM_C1+_vs_BOTTOM|NEC_FC_FORM_S1+|NEC_FC_FORM_D|NEC_FC_FORM_C1+_vs_TOP|NEC_FC_FORM_S1+_vs_BOTTOM|NEC_FC_FORM_S1+_vs_TOP,H2H_U25|NEC_FC_WINS_H2H,KAMPALA_CITY_TOP3|KAMPALA_CITY_TABLE_ADV8+|KAMPALA_CITY_GD_POS,4,,,,2025-12-12T13:53:22.784563,pending,https://www.flashscore.com/match/football/kampala-city-fwjo7kpb/nec-fc-vXYNKJKR/?mid=8hh38MFa
lMOHvSYI,12.12.2025,18:30,GERMANY - 2. BUNDESLIGA - ROUND 16,Greuther Furth,Hertha Berlin,CCQGbik8,2y0u8Wrq,Hertha Berlin or Draw,Low,H2H away strong | Greuther Furth scores 2+ | Hertha Berlin scores 2+,0.8,1.25,50/50,NO,0-0,0-0(0.12)|0-1(0.12)|0-2(0.12)|1-0(0.12)|1-1(0.12),10,10,GREUTHER_FURTH_FORM_S2+|GREUTHER_FURTH_FORM_CS|GREUTHER_FURTH_FORM_L|GREUTHER_FURTH_FORM_C2+|GREUTHER_FURTH_FORM_C1+|GREUTHER_FURTH_FORM_S3+|GREUTHER_FURTH_FORM_S1+|GREUTHER_FURTH_FORM_SNG,HERTHA_BERLIN_FORM_CS|HERTHA_BERLIN_FORM_S3+|HERTHA_BERLIN_FORM_C1+|HERTHA_BERLIN_FORM_C2+|HERTHA_BERLIN_FORM_W|HERTHA_BERLIN_FORM_SNG|HERTHA_BERLIN_FORM_S1+|HERTHA_BERLIN_FORM_S2+,H2H_O25|H2H_BTTS|HERTHA_BERLIN_WINS_H2H,,5,,,,2025-12-12T13:54:07.739004,pending,https://www.flashscore.com/match/football/greuther-furth-CCQGbik8/hertha-berlin-2y0u8Wrq/?mid=lMOHvSYI
6ceremJa,12.12.2025,18:30,GERMANY - 2. BUNDESLIGA - ROUND 16,SG Dynamo Dresden,Braunschweig,QqLCC3il,zL1YsOi1,SG Dynamo Dresden or Draw,Very High,SG Dynamo Dresden scores 2+ | Braunschweig scores 2+ | Braunschweig concedes 2+,1.95,0.85,50/50,50/50,1-0,1-0(0.15)|2-0(0.15)|1-1(0.09)|2-1(0.09)|0-0(0.05),10,10,SG_DYNAMO_DRESDEN_FORM_C2+|SG_DYNAMO_DRESDEN_FORM_S2+|SG_DYNAMO_DRESDEN_FORM_S3+|SG_DYNAMO_DRESDEN_FORM_W|SG_DYNAMO_DRESDEN_FORM_L|SG_DYNAMO_DRESDEN_FORM_S1+|SG_DYNAMO_DRESDEN_FORM_C1+,BRAUNSCHWEIG_FORM_L|BRAUNSCHWEIG_FORM_W|BRAUNSCHWEIG_FORM_S1+|BRAUNSCHWEIG_FORM_S2+|BRAUNSCHWEIG_FORM_SNG|BRAUNSCHWEIG_FORM_C1+|BRAUNSCHWEIG_FORM_C2+,H2H_U25,,5,,,,2025-12-12T13:55:00.532160,pending,https://www.flashscore.com/match/football/braunschweig-QqLCC3il/dresden-zL1YsOi1/?mid=6ceremJa
2RFXYkLa,12.12.2025,18:30,GERMANY - BUNDESLIGA WOMEN - ROUND 13,Werder Bremen W,Bayer Leverkusen W,hjuyw2Kb,vyDE3LZH,Werder Bremen W or Draw,Very High,H2H home strong | Werder Bremen W scores 2+ | Bayer Leverkusen W scores 2+,1.85,1.45,YES,YES,2-2,2-2(0.12)|2-1(0.09)|0-2(0.08)|1-2(0.08)|0-1(0.06),10,10,WERDER_BREMEN_W_FORM_W_vs_BOTTOM|WERDER_BREMEN_W_FORM_C1+|WERDER_BREMEN_W_FORM_S1+|WERDER_BREMEN_W_FORM_C1+_vs_BOTTOM|WERDER_BREMEN_W_FORM_C2+|WERDER_BREMEN_W_FORM_W|WERDER_BREMEN_W_FORM_S2+|WERDER_BREMEN_W_FORM_CS|WERDER_BREMEN_W_FORM_S2+_vs_BOTTOM|WERDER_BREMEN_W_FORM_S1+_vs_BOTTOM,BAYER_LEVERKUSEN_W_FORM_C1+_vs_BOTTOM|BAYER_LEVERKUSEN_W_FORM_W|BAYER_LEVERKUSEN_W_FORM_S2+|BAYER_LEVERKUSEN_W_FORM_C2+|BAYER_LEVERKUSEN_W_FORM_S1+_vs_BOTTOM|BAYER_LEVERKUSEN_W_FORM_C2+_vs_BOTTOM|BAYER_LEVERKUSEN_W_FORM_W_vs_BOTTOM|BAYER_LEVERKUSEN_W_FORM_C1+|BAYER_LEVERKUSEN_W_FORM_S1+|BAYER_LEVERKUSEN_W_FORM_L|BAYER_LEVERKUSEN_W_FORM_S2+_vs_BOTTOM,H2H_O25|WERDER_BREMEN_W_WINS_H2H|H2H_BTTS,BAYER_LEVERKUSEN_W_GD_POS|WERDER_BREMEN_W_TOP3|WERDER_BREMEN_W_GD_POS,5,,,,2025-12-12T13:55:53.268124,pending,https://www.flashscore.com/match/football/bayer-leverkusen-hjuyw2Kb/werder-bremen-vyDE3LZH/?mid=2RFXYkLa
GpKii4Za,12.12.2025,18:30,MALTA - PREMIER LEAGUE - FIRST STAGE - PLAY OUT - ROUND 13,Mosta,Zabbar,htCyNMwL,MZkrZYmQ,Mosta or Draw,Very High,H2H home strong | Mosta scores 2+ | Zabbar scores 2+,1.2,0.7,NO,NO,0-1,0-1(0.2)|0-0(0.16)|1-1(0.15)|1-0(0.12)|2-1(0.05),10,10,MOSTA_FORM_L|MOSTA_FORM_S3+|MOSTA_FORM_CS|MOSTA_FORM_C1+|MOSTA_FORM_C1+_vs_BOTTOM|MOSTA_FORM_S1+_vs_BOTTOM|MOSTA_FORM_S2+|MOSTA_FORM_S1+|MOSTA_FORM_S2+_vs_BOTTOM,ZABBAR_FORM_C1+|ZABBAR_FORM_S1+|ZABBAR_FORM_D|ZABBAR_FORM_S2+|ZABBAR_FORM_S1+_vs_BOTTOM|ZABBAR_FORM_C1+_vs_BOTTOM|ZABBAR_FORM_L|ZABBAR_FORM_SNG|ZABBAR_FORM_D_vs_BOTTOM|ZABBAR_FORM_C2+,H2H_O25|H2H_BTTS|MOSTA_WINS_H2H,ZABBAR_GD_NEG|ZABBAR_BOTTOM5|MOSTA_BOTTOM5|MOSTA_GD_NEG,5,,,,2025-12-12T13:57:07.559280,pending,https://www.flashscore.com/match/football/mosta-fc-htCyNMwL/zabbar-MZkrZYmQ/?mid=GpKii4Za
v3qamjyB,12.12.2025,19:00,GERMANY - 3. LIGA - ROUND 18,Ulm,VfL Osnabruck,tbC3EcQn,88Xgj1Y5,Ulm or VfL Osnabruck,Low,Ulm scores 2+ | VfL Osnabruck concedes 2+ | Ulm concedes 2+,0.6,1.3,NO,NO,1-0,1-0(0.24)|0-0(0.16)|1-1(0.12)|1-2(0.12)|0-1(0.08),10,10,ULM_FORM_SNG|ULM_FORM_S1+|ULM_FORM_C1+|ULM_FORM_L|ULM_FORM_C2+|ULM_FORM_S2+,VFL_OSNABRUCK_FORM_C3+|VFL_OSNABRUCK_FORM_W|VFL_OSNABRUCK_FORM_SNG|VFL_OSNABRUCK_FORM_L|VFL_OSNABRUCK_FORM_C1+|VFL_OSNABRUCK_FORM_S1+|VFL_OSNABRUCK_FORM_C2+,H2H_BTTS,,2,,,,2025-12-12T13:59:27.965748,pending,https://www.flashscore.com/match/football/ulm-tbC3EcQn/vfl-osnabruck-88Xgj1Y5/?mid=v3qamjyB
46fv94HE,12.12.2025,19:00,SPAIN - PRIMERA RFEF - GROUP 2 - ROUND 16,Betis B,Alcorcon,0ranWp9D,GzVElN7C,Betis B or Draw,Very High,Betis B weak GD | Betis B scores 2+ | Alcorcon concedes 2+,0.6,0.5,NO,NO,1-0,1-0(0.42)|0-0(0.28)|1-2(0.12)|0-2(0.08)|1-1(0.06),10,10,BETIS_B_FORM_C1+_vs_TOP|BETIS_B_FORM_L_vs_TOP|BETIS_B_FORM_L_vs_BOTTOM|BETIS_B_FORM_C1+|BETIS_B_FORM_S1+|BETIS_B_FORM_CS_vs_BOTTOM|BETIS_B_FORM_S2+|BETIS_B_FORM_S1+_vs_BOTTOM|BETIS_B_FORM_L|BETIS_B_FORM_CS,ALCORCON_FORM_L_vs_TOP|ALCORCON_FORM_S1+|ALCORCON_FORM_SNG|ALCORCON_FORM_C2+|ALCORCON_FORM_D|ALCORCON_FORM_C1+_vs_TOP|ALCORCON_FORM_CS_vs_BOTTOM|ALCORCON_FORM_C1+|ALCORCON_FORM_W|ALCORCON_FORM_S1+_vs_MID|ALCORCON_FORM_CS|ALCORCON_FORM_L,H2H_BTTS|H2H_O25,BETIS_B_GD_NEG|BETIS_B_BOTTOM5|ALCORCON_TABLE_ADV8+|BETIS_B_GD_NEG_WEAK|ALCORCON_GD_NEG,2,,,,2025-12-12T14:04:18.538888,pending,https://www.flashscore.com/match/football/alcorcon-0ranWp9D/betis-GzVElN7C/?mid=46fv94HE
vaP7S9yA,12.12.2025,19:00,PORTUGAL - LIGA PORTUGAL 2 - ROUND 14,Oliveirense,Chaves,vsToxqA5,tA7VEKwU,Oliveirense or Draw,Very High,H2H away strong | Oliveirense scores 2+ | Chaves concedes 2+,1.25,0.7,NO,NO,0-0,0-0(0.15)|1-0(0.15)|2-0(0.15)|0-1(0.09)|1-1(0.09),10,10,OLIVEIRENSE_FORM_W|OLIVEIRENSE_FORM_S2+_vs_BOTTOM|OLIVEIRENSE_FORM_D|OLIVEIRENSE_FORM_S2+|OLIVEIRENSE_FORM_C2+|OLIVEIRENSE_FORM_CS_vs_BOTTOM|OLIVEIRENSE_FORM_S1+_vs_BOTTOM|OLIVEIRENSE_FORM_S1+|OLIVEIRENSE_FORM_C1+|OLIVEIRENSE_FORM_CS|OLIVEIRENSE_FORM_L,CHAVES_FORM_W_vs_MID|CHAVES_FORM_C1+|CHAVES_FORM_W|CHAVES_FORM_C2+|CHAVES_FORM_CS|CHAVES_FORM_L|CHAVES_FORM_SNG|CHAVES_FORM_S1+|CHAVES_FORM_C1+_vs_MID,H2H_O25|CHAVES_WINS_H2H,CHAVES_TOP3|OLIVEIRENSE_GD_NEG|CHAVES_GD_POS,5,,,,2025-12-12T14:04:20.995731,pending,https://www.flashscore.com/match/football/chaves-vsToxqA5/oliveirense-tA7VEKwU/?mid=vaP7S9yA
8CODBOBi,12.12.2025,19:30,FRANCE - NATIONAL - ROUND 16,Chateauroux,Dijon,jZ2ZFJqe,dIvQQaE7,Dijon or Draw,Very High,Dijon strong GD | Chateauroux scores 2+ | Dijon scores 2+,1.15,1.5,50/50,50/50,1-0,1-0(0.12)|1-2(0.12)|0-0(0.09)|0-2(0.09)|1-1(0.08),10,10,CHATEAUROUX_FORM_D|CHATEAUROUX_FORM_C1+_vs_BOTTOM|CHATEAUROUX_FORM_S1+|CHATEAUROUX_FORM_SNG_vs_MID|CHATEAUROUX_FORM_C2+|CHATEAUROUX_FORM_L|CHATEAUROUX_FORM_C3+|CHATEAUROUX_FORM_W|CHATEAUROUX_FORM_C1+|CHATEAUROUX_FORM_S1+_vs_BOTTOM|CHATEAUROUX_FORM_SNG|CHATEAUROUX_FORM_S2+,DIJON_FORM_C1+_vs_BOTTOM|DIJON_FORM_W_vs_BOTTOM|DIJON_FORM_C1+|DIJON_FORM_S1+_vs_BOTTOM|DIJON_FORM_S3+|DIJON_FORM_S1+|DIJON_FORM_W|DIJON_FORM_S2+|DIJON_FORM_D|DIJON_FORM_SNG|DIJON_FORM_CS,H2H_U25,DIJON_TOP3|DIJON_GD_POS_STRONG|DIJON_TABLE_ADV8+|CHATEAUROUX_GD_NEG|DIJON_GD_POS,5,,,,2025-12-12T14:04:21.858177,pending,https://www.flashscore.com/match/football/chateauroux-jZ2ZFJqe/dijon-dIvQQaE7/?mid=8CODBOBi
0SxN7tBG,12.12.2025,19:30,FRANCE - NATIONAL - ROUND 16,Le Puy-en-Velay,Fleury-Merogis,IooxkpEI,xnng4dGk,Le Puy-en-Velay or Fleury-Merogis,Low,Le Puy-en-Velay scores 2+ | Fleury-Merogis concedes 2+ | Le Puy-en-Velay concedes 2+,1.85,0.9,50/50,50/50,1-0,1-0(0.16)|1-1(0.12)|1-2(0.12)|2-0(0.08)|2-1(0.06),10,10,LE_PUY-EN-VELAY_FORM_S2+|LE_PUY-EN-VELAY_FORM_C2+|LE_PUY-EN-VELAY_FORM_C1+|LE_PUY-EN-VELAY_FORM_S1+_vs_BOTTOM|LE_PUY-EN-VELAY_FORM_C1+_vs_BOTTOM|LE_PUY-EN-VELAY_FORM_S1+|LE_PUY-EN-VELAY_FORM_SNG|LE_PUY-EN-VELAY_FORM_S2+_vs_BOTTOM|LE_PUY-EN-VELAY_FORM_W_vs_BOTTOM|LE_PUY-EN-VELAY_FORM_W,FLEURY-MEROGIS_FORM_CS|FLEURY-MEROGIS_FORM_C1+_vs_BOTTOM|FLEURY-MEROGIS_FORM_W|FLEURY-MEROGIS_FORM_D_vs_BOTTOM|FLEURY-MEROGIS_FORM_D|FLEURY-MEROGIS_FORM_S1+|FLEURY-MEROGIS_FORM_SNG|FLEURY-MEROGIS_FORM_SNG_vs_TOP|FLEURY-MEROGIS_FORM_C1+|FLEURY-MEROGIS_FORM_C2+,,LE_PUY-EN-VELAY_GD_POS|FLEURY-MEROGIS_GD_POS,0,,,,2025-12-12T14:05:49.008231,pending,https://www.flashscore.com/match/football/fleury-merogis-IooxkpEI/le-puy-en-velay-xnng4dGk/?mid=0SxN7tBG
8htV5KuT,12.12.2025,19:30,FRANCE - NATIONAL - ROUND 16,Orleans,Versailles,AqswAEFD,nDjHIbwL,Orleans or Draw,Very High,Orleans scores 2+ | Versailles concedes 2+ | Orleans concedes 2+,1.8,0.65,NO,NO,2-0,2-0(0.3)|2-1(0.15)|0-0(0.12)|0-1(0.06)|1-0(0.06),10,10,ORLEANS_FORM_S1+_vs_BOTTOM|ORLEANS_FORM_W_vs_BOTTOM|ORLEANS_FORM_C1+|ORLEANS_FORM_S2+_vs_BOTTOM|ORLEANS_FORM_L|ORLEANS_FORM_S2+|ORLEANS_FORM_CS|ORLEANS_FORM_C1+_vs_BOTTOM|ORLEANS_FORM_S1+|ORLEANS_FORM_W|ORLEANS_FORM_C2+|ORLEANS_FORM_S3+|ORLEANS_FORM_C2+_vs_BOTTOM,VERSAILLES_FORM_W|VERSAILLES_FORM_D|VERSAILLES_FORM_C2+_vs_BOTTOM|VERSAILLES_FORM_S1+|VERSAILLES_FORM_SNG|VERSAILLES_FORM_C2+|VERSAILLES_FORM_S1+_vs_BOTTOM|VERSAILLES_FORM_W_vs_BOTTOM|VERSAILLES_FORM_L|VERSAILLES_FORM_C1+|VERSAILLES_FORM_C1+_vs_BOTTOM,H2H_BTTS|H2H_O25,ORLEANS_GD_NEG|VERSAILLES_GD_POS,5,,,,2025-12-12T14:07:23.492125,pending,https://www.flashscore.com/match/football/orleans-AqswAEFD/versailles-nDjHIbwL/?mid=8htV5KuT
KW9mO1ec,12.12.2025,19:30,FRANCE - NATIONAL - ROUND 16,Stade Briochin,Aubagne,ry31K39D,CQxeodfa,Both Teams To Score No,Low,Stade Briochin weak GD | Stade Briochin scores 2+ | Aubagne concedes 2+,1.15,0.9,NO,NO,1-0,1-0(0.28)|0-0(0.21)|2-0(0.14)|1-2(0.04),10,10,STADE_BRIOCHIN_FORM_C1+|STADE_BRIOCHIN_FORM_C1+_vs_BOTTOM|STADE_BRIOCHIN_FORM_S3+|STADE_BRIOCHIN_FORM_C2+|STADE_BRIOCHIN_FORM_S1+|STADE_BRIOCHIN_FORM_L_vs_BOTTOM|STADE_BRIOCHIN_FORM_S1+_vs_BOTTOM|STADE_BRIOCHIN_FORM_S1+_vs_MID|STADE_BRIOCHIN_FORM_S2+|STADE_BRIOCHIN_FORM_L,AUBAGNE_FORM_S1+|AUBAGNE_FORM_C1+_vs_BOTTOM|AUBAGNE_FORM_C2+|AUBAGNE_FORM_S1+_vs_TOP|AUBAGNE_FORM_D_vs_TOP|AUBAGNE_FORM_D|AUBAGNE_FORM_C3+|AUBAGNE_FORM_L|AUBAGNE_FORM_C1+_vs_TOP|AUBAGNE_FORM_C1+|AUBAGNE_FORM_W,,STADE_BRIOCHIN_BOTTOM5|STADE_BRIOCHIN_GD_NEG_WEAK|AUBAGNE_GD_POS|STADE_BRIOCHIN_GD_NEG|AUBAGNE_TABLE_ADV8+,0,,,,2025-12-12T15:11:21.559550,pending,https://www.flashscore.com/match/football/aubagne-fc-ry31K39D/stade-briochin-CQxeodfa/?mid=KW9mO1ec
hQH10b3j,12.12.2025,19:30,FRANCE - NATIONAL - ROUND 16,Paris 13 Atl.,Concarneau,Uo57pG95,WnjEIzRL,Paris 13 Atl. or Draw,Very High,Paris 13 Atl. scores 2+ | Concarneau scores 2+ | Concarneau concedes 2+,1.05,0.95,NO,NO,0-0,0-0(0.2)|1-0(0.15)|2-0(0.1)|0-1(0.08)|0-2(0.08),10,10,PARIS_13_ATL._FORM_W|PARIS_13_ATL._FORM_S2+|PARIS_13_ATL._FORM_CS_vs_BOTTOM|PARIS_13_ATL._FORM_CS|PARIS_13_ATL._FORM_D|PARIS_13_ATL._FORM_S1+_vs_BOTTOM|PARIS_13_ATL._FORM_S1+|PARIS_13_ATL._FORM_W_vs_BOTTOM|PARIS_13_ATL._FORM_D_vs_BOTTOM|PARIS_13_ATL._FORM_L|PARIS_13_ATL._FORM_C1+_vs_BOTTOM|PARIS_13_ATL._FORM_C1+,CONCARNEAU_FORM_CS|CONCARNEAU_FORM_CS_vs_TOP|CONCARNEAU_FORM_SNG|CONCARNEAU_FORM_C2+|CONCARNEAU_FORM_D_vs_BOTTOM|CONCARNEAU_FORM_S1+|CONCARNEAU_FORM_W|CONCARNEAU_FORM_D|CONCARNEAU_FORM_C1+_vs_BOTTOM|CONCARNEAU_FORM_S1+_vs_BOTTOM|CONCARNEAU_FORM_S2+|CONCARNEAU_FORM_C1+,,PARIS_13_ATL._GD_NEG|CONCARNEAU_GD_POS,4,,,,2025-12-12T14:08:10.239850,pending,https://www.flashscore.com/match/football/concarneau-Uo57pG95/paris-13-atletico-WnjEIzRL/?mid=hQH10b3j
Agt60KG5,12.12.2025,19:30,ROMANIA - SUPERLIGA - ROUND 20,CFR Cluj,Csikszereda M. Ciuc,4KfIhq7B,A5gTQ7pG,CFR Cluj or Draw,Low,H2H drawish | Csikszereda M. Ciuc weak GD | CFR Cluj scores 2+,1.4,0.4,NO,NO,0-0,0-0(0.18)|1-0(0.18)|0-1(0.12)|1-1(0.12)|2-0(0.12),10,5,CFR_CLUJ_FORM_C2+|CFR_CLUJ_FORM_W|CFR_CLUJ_FORM_L|CFR_CLUJ_FORM_S1+|CFR_CLUJ_FORM_D|CFR_CLUJ_FORM_SNG|CFR_CLUJ_FORM_C1+|CFR_CLUJ_FORM_S2+|CFR_CLUJ_FORM_S1+_vs_TOP|CFR_CLUJ_FORM_C1+_vs_BOTTOM|CFR_CLUJ_FORM_CS|CFR_CLUJ_FORM_C2+_vs_BOTTOM|CFR_CLUJ_FORM_S1+_vs_BOTTOM,CSIKSZEREDA_M._CIUC_FORM_C1+|CSIKSZEREDA_M._CIUC_FORM_S2+|CSIKSZEREDA_M._CIUC_FORM_S1+|CSIKSZEREDA_M._CIUC_FORM_L,H2H_BTTS|H2H_D|H2H_O25,CSIKSZEREDA_M._CIUC_GD_NEG_WEAK|CFR_CLUJ_GD_NEG|CSIKSZEREDA_M._CIUC_GD_NEG|CSIKSZEREDA_M._CIUC_BOTTOM5,1,,,,2025-12-12T15:11:14.184382,pending,https://www.flashscore.com/match/football/cfr-cluj-4KfIhq7B/miercurea-ciuc-A5gTQ7pG/?mid=Agt60KG5
EV2dMuQ9,12.12.2025,19:30,FRANCE - NATIONAL - ROUND 16,Valenciennes,Sochaux,jPojkLXK,O8dsB372,2-3 goals,Low,H2H home strong | Top vs Bottom | Sochaux strong GD,1.0,1.35,50/50,NO,1-0,1-0(0.24)|1-1(0.18)|0-0(0.08)|2-0(0.08)|0-1(0.06),10,10,VALENCIENNES_FORM_D|VALENCIENNES_FORM_S2+|VALENCIENNES_FORM_S1+_vs_BOTTOM|VALENCIENNES_FORM_W|VALENCIENNES_FORM_L|VALENCIENNES_FORM_C1+|VALENCIENNES_FORM_W_vs_BOTTOM|VALENCIENNES_FORM_S2+_vs_BOTTOM|VALENCIENNES_FORM_CS_vs_BOTTOM|VALENCIENNES_FORM_CS|VALENCIENNES_FORM_C1+_vs_MID|VALENCIENNES_FORM_S1+,SOCHAUX_FORM_S1+_vs_BOTTOM|SOCHAUX_FORM_C2+|SOCHAUX_FORM_S1+|SOCHAUX_FORM_CS|SOCHAUX_FORM_SNG|SOCHAUX_FORM_S2+|SOCHAUX_FORM_C1+|SOCHAUX_FORM_W|SOCHAUX_FORM_L|SOCHAUX_FORM_CS_vs_MID|SOCHAUX_FORM_C3+,VALENCIENNES_WINS_H2H|H2H_U25,SOCHAUX_GD_POS_STRONG|SOCHAUX_TOP3|SOCHAUX_GD_POS|SOCHAUX_TABLE_ADV8+|VALENCIENNES_BOTTOM5|VALENCIENNES_GD_NEG,5,,,,2025-12-12T15:11:16.982778,pending,https://www.flashscore.com/match/football/sochaux-jPojkLXK/valenciennes-O8dsB372/?mid=EV2dMuQ9
jgiiq16r,12.12.2025,20:00,BELGIUM - CHALLENGER PRO LEAGUE - ROUND 17,Beveren,Anderlecht U23,KQtAqOh9,QaqfE8WE,Beveren,Very High,H2H home strong | Top vs Bottom | Beveren strong GD,1.75,1.15,YES,50/50,2-1,2-1(0.2)|1-1(0.16)|2-0(0.15)|1-0(0.12)|2-2(0.1),10,10,BEVEREN_FORM_C1+|BEVEREN_FORM_C1+_vs_MID|BEVEREN_FORM_S1+_vs_TOP|BEVEREN_FORM_W|BEVEREN_FORM_S1+_vs_MID|BEVEREN_FORM_C2+|BEVEREN_FORM_S2+|BEVEREN_FORM_W_vs_BOTTOM|BEVEREN_FORM_S1+_vs_BOTTOM|BEVEREN_FORM_D|BEVEREN_FORM_C1+_vs_TOP|BEVEREN_FORM_S1+,ANDERLECHT_U23_FORM_C2+_vs_BOTTOM|ANDERLECHT_U23_FORM_D_vs_BOTTOM|ANDERLECHT_U23_FORM_C1+|ANDERLECHT_U23_FORM_S1+_vs_BOTTOM|ANDERLECHT_U23_FORM_S1+|ANDERLECHT_U23_FORM_D|ANDERLECHT_U23_FORM_C1+_vs_BOTTOM|ANDERLECHT_U23_FORM_L|ANDERLECHT_U23_FORM_S2+|ANDERLECHT_U23_FORM_C2+|ANDERLECHT_U23_FORM_S2+_vs_BOTTOM,H2H_BTTS|H2H_O25|BEVEREN_WINS_H2H,ANDERLECHT_U23_BOTTOM5|BEVEREN_GD_POS_STRONG|BEVEREN_TABLE_ADV8+|ANDERLECHT_U23_GD_NEG|BEVEREN_GD_POS|BEVEREN_TOP3,5,,,,2025-12-12T15:12:38.886524,pending,https://www.flashscore.com/match/football/anderlecht-KQtAqOh9/sk-beveren-QaqfE8WE/?mid=jgiiq16r
GU9r99ET,12.12.2025,20:00,BELGIUM - CHALLENGER PRO LEAGUE - ROUND 17,Lommel SK,Gent U23,6qX8q0TR,8EyXqyoo,Lommel SK to win,Very High,H2H home strong | Lommel SK scores 2+ | Gent U23 scores 2+,1.9,0.85,50/50,50/50,2-0,2-0(0.25)|2-1(0.15)|1-0(0.1)|1-1(0.06)|0-0(0.05),10,10,LOMMEL_SK_FORM_C1+|LOMMEL_SK_FORM_C2+|LOMMEL_SK_FORM_S1+_vs_BOTTOM|LOMMEL_SK_FORM_L_vs_TOP|LOMMEL_SK_FORM_S1+|LOMMEL_SK_FORM_S2+_vs_BOTTOM|LOMMEL_SK_FORM_C2+_vs_BOTTOM|LOMMEL_SK_FORM_S2+|LOMMEL_SK_FORM_C1+_vs_TOP|LOMMEL_SK_FORM_C1+_vs_BOTTOM|LOMMEL_SK_FORM_S1+_vs_TOP|LOMMEL_SK_FORM_W|LOMMEL_SK_FORM_D|LOMMEL_SK_FORM_L|LOMMEL_SK_FORM_C2+_vs_TOP,GENT_U23_FORM_S1+|GENT_U23_FORM_SNG_vs_BOTTOM|GENT_U23_FORM_SNG|GENT_U23_FORM_CS|GENT_U23_FORM_L|GENT_U23_FORM_CS_vs_BOTTOM|GENT_U23_FORM_C1+_vs_MID|GENT_U23_FORM_S1+_vs_MID|GENT_U23_FORM_C1+|GENT_U23_FORM_C2+|GENT_U23_FORM_W|GENT_U23_FORM_C3+|GENT_U23_FORM_S2+,LOMMEL_SK_WINS_H2H|H2H_BTTS|H2H_O25,LOMMEL_SK_GD_POS,1,,,,2025-12-12T15:13:03.398106,pending,https://www.flashscore.com/match/football/gent-6qX8q0TR/lommel-sk-8EyXqyoo/?mid=GU9r99ET
Obcow5l2,12.12.2025,20:00,ENGLAND - PREMIER LEAGUE CUP,Cardiff U21,QPR U21,ltdeqDcb,tSn0vwwG,Both Teams To Score Yes,High,H2H away strong | Top vs Bottom | Top vs Bottom,2.05,2.0,YES,YES,1-1,1-1(0.16)|2-1(0.12)|1-0(0.04)|1-2(0.04),10,10,CARDIFF_U21_FORM_C1+|CARDIFF_U21_FORM_C2+|CARDIFF_U21_FORM_L|CARDIFF_U21_FORM_S3+|CARDIFF_U21_FORM_S1+|CARDIFF_U21_FORM_S2+|CARDIFF_U21_FORM_W,QPR_U21_FORM_C1+|QPR_U21_FORM_S1+_vs_BOTTOM|QPR_U21_FORM_C2+|QPR_U21_FORM_S2+|QPR_U21_FORM_D|QPR_U21_FORM_W|QPR_U21_FORM_S2+_vs_BOTTOM|QPR_U21_FORM_C3+|QPR_U21_FORM_C1+_vs_BOTTOM|QPR_U21_FORM_S1+,H2H_BTTS|QPR_U21_WINS_H2H|H2H_O25,CARDIFF_U21_TOP3|QPR_U21_GD_POS|CARDIFF_U21_BOTTOM5|CARDIFF_U21_GD_POS|QPR_U21_TOP3|QPR_U21_BOTTOM5,5,,,,2025-12-12T15:13:10.936157,pending,https://www.flashscore.com/match/football/cardiff-ltdeqDcb/qpr-tSn0vwwG/?mid=Obcow5l2
GGWaAFEb,12.12.2025,20:00,ENGLAND - PREMIER LEAGUE CUP,Norwich U21,Sunderland U21,b3ceuJN9,ELGqWEpd,Sunderland U21,Low,H2H away strong | Top vs Bottom | Norwich U21 scores 2+,2.05,1.45,50/50,50/50,2-0,2-0(0.16)|1-0(0.08)|2-1(0.08)|0-0(0.04)|1-1(0.04),10,10,NORWICH_U21_FORM_W|NORWICH_U21_FORM_C2+|NORWICH_U21_FORM_L|NORWICH_U21_FORM_C3+|NORWICH_U21_FORM_S2+|NORWICH_U21_FORM_C1+|NORWICH_U21_FORM_S1+,SUNDERLAND_U21_FORM_S2+|SUNDERLAND_U21_FORM_W|SUNDERLAND_U21_FORM_S1+|SUNDERLAND_U21_FORM_S3+|SUNDERLAND_U21_FORM_L|SUNDERLAND_U21_FORM_CS|SUNDERLAND_U21_FORM_C2+|SUNDERLAND_U21_FORM_C1+,SUNDERLAND_U21_WINS_H2H|H2H_O25,NORWICH_U21_BOTTOM5|SUNDERLAND_U21_GD_POS|SUNDERLAND_U21_TOP3|SUNDERLAND_U21_BOTTOM5|NORWICH_U21_GD_NEG,5,,,,2025-12-12T15:14:24.499610,pending,https://www.flashscore.com/match/football/norwich-b3ceuJN9/sunderland-ELGqWEpd/?mid=GGWaAFEb
GAe87SG7,12.12.2025,20:00,ENGLAND - PREMIER LEAGUE CUP,Nottingham U21,Millwall U21,6FRLlnfU,bmFCwchM,Nottingham U21,Very High,Top vs Bottom | Nottingham U21 scores 2+ | Millwall U21 scores 2+,1.2,1.35,YES,50/50,1-1,1-1(0.24)|1-2(0.18)|1-0(0.12)|2-1(0.12)|2-2(0.09),10,10,NOTTINGHAM_U21_FORM_S1+|NOTTINGHAM_U21_FORM_S2+|NOTTINGHAM_U21_FORM_W|NOTTINGHAM_U21_FORM_CS|NOTTINGHAM_U21_FORM_L|NOTTINGHAM_U21_FORM_C1+,MILLWALL_U21_FORM_W|MILLWALL_U21_FORM_S1+|MILLWALL_U21_FORM_S3+|MILLWALL_U21_FORM_S2+|MILLWALL_U21_FORM_L|MILLWALL_U21_FORM_C1+|MILLWALL_U21_FORM_C2+,,MILLWALL_U21_GD_NEG|MILLWALL_U21_BOTTOM5|NOTTINGHAM_U21_GD_POS|NOTTINGHAM_U21_BOTTOM5|NOTTINGHAM_U21_TOP3,0,,,,2025-12-12T15:15:34.960611,pending,https://www.flashscore.com/match/football/millwall-6FRLlnfU/nottingham-bmFCwchM/?mid=GAe87SG7
xjkvj23M,12.12.2025,20:00,FRANCE - LIGUE 2 - ROUND 17,Annecy,Le Mans,25dB6Eto,ER0NeOOp,Le Mans,Very High,H2H drawish | Le Mans scores 2+ | Le Mans concedes 2+,1.4,1.3,50/50,50/50,1-0,1-0(0.2)|1-1(0.1)|1-2(0.1)|0-0(0.08)|0-1(0.04),10,10,ANNECY_FORM_CS|ANNECY_FORM_SNG|ANNECY_FORM_W|ANNECY_FORM_C1+_vs_BOTTOM|ANNECY_FORM_C2+|ANNECY_FORM_L|ANNECY_FORM_S1+_vs_BOTTOM|ANNECY_FORM_C1+|ANNECY_FORM_S1+,LE_MANS_FORM_CS_vs_BOTTOM|LE_MANS_FORM_CS|LE_MANS_FORM_S1+|LE_MANS_FORM_C1+|LE_MANS_FORM_S1+_vs_BOTTOM|LE_MANS_FORM_W|LE_MANS_FORM_S2+|LE_MANS_FORM_W_vs_BOTTOM|LE_MANS_FORM_D|LE_MANS_FORM_C2+,H2H_BTTS|H2H_D|H2H_O25,LE_MANS_GD_POS|ANNECY_GD_POS,4,,,,2025-12-12T15:15:36.938973,pending,https://www.flashscore.com/match/football/annecy-25dB6Eto/le-mans-ER0NeOOp/?mid=xjkvj23M
UJ2Ngp4c,12.12.2025,20:00,FRANCE - LIGUE 2 - ROUND 17,Laval,Dunkerque,tAAobNse,E1wDrLsJ,Both Teams To Score No,Low,H2H home strong | Laval scores 2+ | Dunkerque concedes 2+,1.2,1.55,NO,50/50,0-0,0-0(0.2)|0-2(0.1)|2-0(0.08)|0-1(0.05)|1-0(0.04),10,10,LAVAL_FORM_S2+|LAVAL_FORM_L_vs_TOP|LAVAL_FORM_C1+|LAVAL_FORM_CS|LAVAL_FORM_S1+|LAVAL_FORM_C2+|LAVAL_FORM_W|LAVAL_FORM_L|LAVAL_FORM_SNG|LAVAL_FORM_SNG_vs_BOTTOM,DUNKERQUE_FORM_S1+_vs_BOTTOM|DUNKERQUE_FORM_S1+|DUNKERQUE_FORM_C1+|DUNKERQUE_FORM_W|DUNKERQUE_FORM_S1+_vs_TOP|DUNKERQUE_FORM_C1+_vs_BOTTOM|DUNKERQUE_FORM_D|DUNKERQUE_FORM_CS|DUNKERQUE_FORM_C2+|DUNKERQUE_FORM_W_vs_TOP|DUNKERQUE_FORM_D_vs_BOTTOM|DUNKERQUE_FORM_SNG|DUNKERQUE_FORM_C3+,LAVAL_WINS_H2H|H2H_BTTS|H2H_O25,LAVAL_BOTTOM5|DUNKERQUE_TABLE_ADV8+|LAVAL_GD_NEG|DUNKERQUE_GD_POS,5,,,,2025-12-12T15:16:54.299915,pending,https://www.flashscore.com/match/football/dunkerque-tAAobNse/laval-E1wDrLsJ/?mid=UJ2Ngp4c
UmUIrKed,12.12.2025,20:00,FRANCE - LIGUE 2 - ROUND 17,Pau FC,Amiens,lKkBAsxF,6NOhR4cm,2-3 goals,Low,H2H away strong | Pau FC scores 2+ | Amiens scores 2+,1.15,1.2,50/50,NO,1-1,1-1(0.2)|0-1(0.15)|1-0(0.12)|2-1(0.1)|0-0(0.09),10,10,PAU_FC_FORM_D|PAU_FC_FORM_C2+|PAU_FC_FORM_C2+_vs_MID|PAU_FC_FORM_SNG|PAU_FC_FORM_S1+|PAU_FC_FORM_W|PAU_FC_FORM_C1+|PAU_FC_FORM_C1+_vs_MID|PAU_FC_FORM_S2+|PAU_FC_FORM_L,AMIENS_FORM_C1+|AMIENS_FORM_C3+|AMIENS_FORM_C2+|AMIENS_FORM_S1+_vs_BOTTOM|AMIENS_FORM_L_vs_BOTTOM|AMIENS_FORM_S1+|AMIENS_FORM_SNG|AMIENS_FORM_C1+_vs_BOTTOM|AMIENS_FORM_L|AMIENS_FORM_W|AMIENS_FORM_S2+_vs_BOTTOM|AMIENS_FORM_S2+,AMIENS_WINS_H2H|H2H_U25,PAU_FC_GD_NEG|AMIENS_BOTTOM5|AMIENS_GD_NEG|PAU_FC_TABLE_ADV8+,5,,,,2025-12-12T15:17:37.214142,pending,https://www.flashscore.com/match/football/amiens-sc-lKkBAsxF/pau-6NOhR4cm/?mid=UmUIrKed
pdC56Nm3,12.12.2025,20:00,FRANCE - LIGUE 2 - ROUND 17,Nancy,Clermont,IRuMRua1,dnIrsS0A,Nancy,Very High,Nancy scores 2+ | Clermont scores 2+ | Nancy concedes 2+,1.3,0.6,NO,NO,0-0,0-0(0.2)|0-1(0.16)|1-0(0.1)|2-0(0.1)|1-1(0.08),10,10,NANCY_FORM_C2+|NANCY_FORM_C1+|NANCY_FORM_L|NANCY_FORM_S2+|NANCY_FORM_W|NANCY_FORM_CS|NANCY_FORM_S3+|NANCY_FORM_S1+,CLERMONT_FORM_C1+|CLERMONT_FORM_L|CLERMONT_FORM_S2+|CLERMONT_FORM_D|CLERMONT_FORM_S1+,H2H_BTTS|H2H_O25,,5,,,,2025-12-12T15:17:39.084257,pending,https://www.flashscore.com/match/football/clermont-IRuMRua1/nancy-dnIrsS0A/?mid=pdC56Nm3
xth4FO0b,12.12.2025,19:30,SWITZERLAND - CHALLENGE LEAGUE - ROUND 17,Rapperswil-Jona,Vaduz,I3q2AOtB,G6Ih9GOj,Vaduz,Very High,Top vs Bottom | Vaduz strong GD | Rapperswil-Jona scores 2+,1.4,1.8,YES,YES,1-2,1-2(0.24)|1-1(0.18)|2-2(0.16)|2-1(0.12)|1-0(0.06),10,10,RAPPERSWIL-JONA_FORM_W|RAPPERSWIL-JONA_FORM_C1+|RAPPERSWIL-JONA_FORM_S2+|RAPPERSWIL-JONA_FORM_W_vs_BOTTOM|RAPPERSWIL-JONA_FORM_C2+|RAPPERSWIL-JONA_FORM_L|RAPPERSWIL-JONA_FORM_S1+|RAPPERSWIL-JONA_FORM_C1+_vs_MID|RAPPERSWIL-JONA_FORM_S1+_vs_BOTTOM|RAPPERSWIL-JONA_FORM_C1+_vs_BOTTOM,VADUZ_FORM_W|VADUZ_FORM_C2+|VADUZ_FORM_S1+|VADUZ_FORM_SNG|VADUZ_FORM_S3+|VADUZ_FORM_W_vs_MID|VADUZ_FORM_S2+|VADUZ_FORM_S1+_vs_MID|VADUZ_FORM_W_vs_BOTTOM|VADUZ_FORM_SNG_vs_BOTTOM|VADUZ_FORM_C1+_vs_BOTTOM|VADUZ_FORM_C1+,H2H_BTTS|H2H_O25,VADUZ_TOP3|RAPPERSWIL-JONA_GD_NEG|RAPPERSWIL-JONA_BOTTOM5|VADUZ_GD_POS|VADUZ_GD_POS_STRONG,5,,,,2025-12-12T15:18:29.890755,pending,https://www.flashscore.com/match/football/rapperswil-jona-I3q2AOtB/vaduz-G6Ih9GOj/?mid=xth4FO0b
dzWAptRq,12.12.2025,20:00,FRANCE - LIGUE 2 - ROUND 17,Rodez,Guingamp,QDfKl36E,0pOdQOCg,Rodez,Very High,H2H away strong | Rodez scores 2+ | Guingamp scores 2+,1.25,1.25,50/50,50/50,1-0,1-0(0.15)|1-1(0.15)|1-2(0.15)|0-0(0.06)|0-1(0.06),10,10,RODEZ_FORM_C1+_vs_TOP|RODEZ_FORM_L|RODEZ_FORM_S2+_vs_BOTTOM|RODEZ_FORM_S2+|RODEZ_FORM_C1+_vs_BOTTOM|RODEZ_FORM_S1+_vs_BOTTOM|RODEZ_FORM_D_vs_TOP|RODEZ_FORM_S1+|RODEZ_FORM_D|RODEZ_FORM_C1+|RODEZ_FORM_S1+_vs_TOP,GUINGAMP_FORM_S1+|GUINGAMP_FORM_S2+_vs_BOTTOM|GUINGAMP_FORM_C1+_vs_BOTTOM|GUINGAMP_FORM_C1+|GUINGAMP_FORM_C2+_vs_BOTTOM|GUINGAMP_FORM_SNG|GUINGAMP_FORM_D_vs_BOTTOM|GUINGAMP_FORM_S2+|GUINGAMP_FORM_D|GUINGAMP_FORM_W|GUINGAMP_FORM_SNG_vs_BOTTOM|GUINGAMP_FORM_S1+_vs_BOTTOM|GUINGAMP_FORM_C2+,H2H_O25|GUINGAMP_WINS_H2H,GUINGAMP_GD_NEG|RODEZ_GD_NEG,5,,,,2025-12-12T15:20:36.821669,pending,https://www.flashscore.com/match/football/guingamp-QDfKl36E/rodez-0pOdQOCg/?mid=dzWAptRq
tQML92t4,12.12.2025,20:00,FRANCE - NATIONAL - ROUND 16,Rouen,Quevilly Rouen,fPCzUHN1,z5PJrrtm,Rouen,Very High,Top vs Bottom | Rouen strong GD | Quevilly Rouen weak GD,1.5,0.95,50/50,NO,1-0,1-0(0.3)|1-1(0.12)|1-2(0.12)|0-0(0.05)|2-0(0.05),10,10,ROUEN_FORM_W|ROUEN_FORM_W_vs_BOTTOM|ROUEN_FORM_C1+_vs_BOTTOM|ROUEN_FORM_SNG|ROUEN_FORM_CS|ROUEN_FORM_D|ROUEN_FORM_C1+|ROUEN_FORM_S1+_vs_BOTTOM|ROUEN_FORM_S1+,QUEVILLY_ROUEN_FORM_SNG|QUEVILLY_ROUEN_FORM_L|QUEVILLY_ROUEN_FORM_S1+|QUEVILLY_ROUEN_FORM_C1+_vs_TOP|QUEVILLY_ROUEN_FORM_L_vs_BOTTOM|QUEVILLY_ROUEN_FORM_C1+|QUEVILLY_ROUEN_FORM_S1+_vs_TOP|QUEVILLY_ROUEN_FORM_C1+_vs_BOTTOM|QUEVILLY_ROUEN_FORM_C2+|QUEVILLY_ROUEN_FORM_S2+,H2H_U25,ROUEN_GD_POS_STRONG|QUEVILLY_ROUEN_GD_NEG|ROUEN_GD_POS|QUEVILLY_ROUEN_BOTTOM5|QUEVILLY_ROUEN_GD_NEG_WEAK|ROUEN_TOP3|ROUEN_TABLE_ADV8+,5,,,,2025-12-12T15:21:12.338460,pending,https://www.flashscore.com/match/football/quevilly-fPCzUHN1/rouen-z5PJrrtm/?mid=tQML92t4
46xYVt0U,12.12.2025,20:00,NETHERLANDS - EERSTE DIVISIE - ROUND 20,Dordrecht,Eindhoven FC,fT0n14Vt,YJaj0Opm,Both Teams To Score No,Low,H2H drawish | Eindhoven FC weak GD | Dordrecht scores 2+,0.7,1.3,NO,NO,0-0,0-0(0.25)|0-2(0.15)|1-0(0.15)|2-0(0.1)|1-2(0.09),10,10,DORDRECHT_FORM_L|DORDRECHT_FORM_S1+_vs_MID|DORDRECHT_FORM_C1+_vs_BOTTOM|DORDRECHT_FORM_CS|DORDRECHT_FORM_C1+_vs_MID|DORDRECHT_FORM_L_vs_MID|DORDRECHT_FORM_S1+|DORDRECHT_FORM_C1+|DORDRECHT_FORM_S1+_vs_BOTTOM|DORDRECHT_FORM_S2+|DORDRECHT_FORM_C2+,EINDHOVEN_FC_FORM_SNG|EINDHOVEN_FC_FORM_C1+_vs_BOTTOM|EINDHOVEN_FC_FORM_C2+_vs_BOTTOM|EINDHOVEN_FC_FORM_C3+|EINDHOVEN_FC_FORM_C1+|EINDHOVEN_FC_FORM_S1+|EINDHOVEN_FC_FORM_C2+|EINDHOVEN_FC_FORM_W|EINDHOVEN_FC_FORM_S2+_vs_TOP|EINDHOVEN_FC_FORM_CS|EINDHOVEN_FC_FORM_SNG_vs_BOTTOM|EINDHOVEN_FC_FORM_S2+|EINDHOVEN_FC_FORM_S1+_vs_TOP|EINDHOVEN_FC_FORM_L|EINDHOVEN_FC_FORM_S3+,H2H_U25|H2H_D|H2H_BTTS,DORDRECHT_GD_NEG|EINDHOVEN_FC_GD_NEG_WEAK|EINDHOVEN_FC_GD_NEG,5,,,,2025-12-12T15:28:32.164836,pending,https://www.flashscore.com/match/football/dordrecht-fT0n14Vt/eindhoven-fc-YJaj0Opm/?mid=46xYVt0U
CbKQX2VH,12.12.2025,20:00,NETHERLANDS - EERSTE DIVISIE - ROUND 20,FC Emmen,Helmond,Stafar0g,SQGBcMU5,FC Emmen,Very High,H2H home strong | FC Emmen scores 2+ | Helmond scores 2+,1.5,1.1,50/50,NO,1-0,1-0(0.16)|1-1(0.16)|0-0(0.08)|0-1(0.08)|2-0(0.08),10,10,FC_EMMEN_FORM_D_vs_MID|FC_EMMEN_FORM_C1+_vs_BOTTOM|FC_EMMEN_FORM_C1+_vs_MID|FC_EMMEN_FORM_C2+|FC_EMMEN_FORM_S2+_vs_BOTTOM|FC_EMMEN_FORM_C1+|FC_EMMEN_FORM_D|FC_EMMEN_FORM_S2+|FC_EMMEN_FORM_S1+_vs_BOTTOM|FC_EMMEN_FORM_W|FC_EMMEN_FORM_L|FC_EMMEN_FORM_S3+_vs_BOTTOM|FC_EMMEN_FORM_CS|FC_EMMEN_FORM_S3+|FC_EMMEN_FORM_W_vs_BOTTOM|FC_EMMEN_FORM_S1+|FC_EMMEN_FORM_S1+_vs_MID,HELMOND_FORM_W_vs_BOTTOM|HELMOND_FORM_C3+|HELMOND_FORM_L_vs_TOP|HELMOND_FORM_C1+|HELMOND_FORM_W|HELMOND_FORM_S1+|HELMOND_FORM_C2+_vs_BOTTOM|HELMOND_FORM_S1+_vs_TOP|HELMOND_FORM_S2+|HELMOND_FORM_S2+_vs_BOTTOM|HELMOND_FORM_S1+_vs_BOTTOM|HELMOND_FORM_C1+_vs_BOTTOM|HELMOND_FORM_L|HELMOND_FORM_C2+,FC_EMMEN_WINS_H2H|H2H_O25,FC_EMMEN_GD_NEG|HELMOND_GD_NEG,5,,,,2025-12-12T15:28:34.605382,pending,https://www.flashscore.com/match/football/fc-emmen-Stafar0g/helmond-sport-SQGBcMU5/?mid=CbKQX2VH
8K2rjpon,12.12.2025,20:00,NETHERLANDS - EERSTE DIVISIE - ROUND 20,Den Bosch,Venlo,4IzxgrNP,UNA6IKFC,Den Bosch to win,Very High,H2H home strong | Den Bosch scores 2+ | Venlo concedes 2+,1.85,0.85,NO,50/50,1-0,1-0(0.24)|2-0(0.12)|1-2(0.08)|0-0(0.06)|1-1(0.04),10,10,DEN_BOSCH_FORM_S2+|DEN_BOSCH_FORM_C2+|DEN_BOSCH_FORM_L|DEN_BOSCH_FORM_S3+|DEN_BOSCH_FORM_W|DEN_BOSCH_FORM_C1+|DEN_BOSCH_FORM_S1+,VENLO_FORM_C2+|VENLO_FORM_SNG|VENLO_FORM_L|VENLO_FORM_C1+|VENLO_FORM_S1+|VENLO_FORM_W,H2H_O25|H2H_BTTS|DEN_BOSCH_WINS_H2H,,5,,,,2025-12-12T15:29:13.339840,pending,https://www.flashscore.com/match/football/den-bosch-4IzxgrNP/venlo-UNA6IKFC/?mid=8K2rjpon
Gp6jlOFb,12.12.2025,20:00,NETHERLANDS - EERSTE DIVISIE - ROUND 20,De Graafschap,Roda,naL1J006,6FRTNZ8p,De Graafschap or Roda,Low,De Graafschap scores 2+ | Roda scores 2+ | Roda concedes 2+,2.5,1.2,50/50,YES,2-0,2-0(0.2)|2-1(0.15)|2-2(0.05)|1-0(0.04),10,10,DE_GRAAFSCHAP_FORM_S2+|DE_GRAAFSCHAP_FORM_S1+_vs_TOP|DE_GRAAFSCHAP_FORM_C2+|DE_GRAAFSCHAP_FORM_C1+|DE_GRAAFSCHAP_FORM_C2+_vs_TOP|DE_GRAAFSCHAP_FORM_S1+_vs_BOTTOM|DE_GRAAFSCHAP_FORM_S2+_vs_BOTTOM|DE_GRAAFSCHAP_FORM_S3+|DE_GRAAFSCHAP_FORM_C1+_vs_BOTTOM|DE_GRAAFSCHAP_FORM_W_vs_BOTTOM|DE_GRAAFSCHAP_FORM_W|DE_GRAAFSCHAP_FORM_C1+_vs_TOP|DE_GRAAFSCHAP_FORM_S1+,RODA_FORM_S1+_vs_BOTTOM|RODA_FORM_W|RODA_FORM_S2+|RODA_FORM_L|RODA_FORM_D_vs_BOTTOM|RODA_FORM_S1+|RODA_FORM_C1+_vs_BOTTOM|RODA_FORM_C2+|RODA_FORM_C1+|RODA_FORM_D|RODA_FORM_CS|RODA_FORM_C2+_vs_BOTTOM,H2H_U25,RODA_GD_POS|DE_GRAAFSCHAP_GD_POS|DE_GRAAFSCHAP_TOP3,5,,,,2025-12-12T15:29:32.935972,pending,https://www.flashscore.com/match/football/de-graafschap-naL1J006/roda-6FRTNZ8p/?mid=Gp6jlOFb
