region_league,position,team_name,team_id,played,wins,draws,losses,goals_for,goals_against,goal_difference,points,last_updated,url
TURKEY - 1. LIG - ROUND 17,1,Pendikspor,dQVdH97o,5,2,29,18,29,11,18,32,2025-12-12T12:23:44.607825,https://www.flashscore.com/football/turkey/1-lig/
TURKEY - 1. LIG - ROUND 17,2,Amedspor,EHdgkFvm,2,4,37,13,37,24,13,32,2025-12-12T12:23:44.607825,https://www.flashscore.com/football/turkey/1-lig/
TURKEY - 1. LIG - ROUND 17,3,Erokspor,rPvKSntq,4,3,39,21,39,18,21,31,2025-12-12T12:23:44.607825,https://www.flashscore.com/football/turkey/1-lig/
TURKEY - 1. LIG - ROUND 17,4,Bodrumspor,tAyqUIUd,3,4,36,21,36,15,21,30,2025-12-12T12:23:44.607825,https://www.flashscore.com/football/turkey/1-lig/
TURKEY - 1. LIG - ROUND 17,5,Corum,0vne21BK,4,4,25,7,25,18,7,28,2025-12-12T12:23:44.607825,https://www.flashscore.com/football/turkey/1-lig/
TURKEY - 1. LIG - ROUND 17,6,Igdir FK,pQPEA10Q,4,4,27,5,27,22,5,28,2025-12-12T12:23:44.607825,https://www.flashscore.com/football/turkey/1-lig/
TURKEY - 1. LIG - ROUND 17,7,Erzurumspor,xQZ3CpVE,8,2,28,13,28,15,13,26,2025-12-12T12:23:44.607825,https://www.flashscore.com/football/turkey/1-lig/
TURKEY - 1. LIG - ROUND 17,8,Bandirmaspor,8rZvLOl2,5,4,20,6,20,14,6,26,2025-12-12T12:23:44.607825,https://www.flashscore.com/football/turkey/1-lig/
TURKEY - 1. LIG - ROUND 17,9,Serik Spor,A9gDc83I,4,5,21,-2,21,23,-2,25,2025-12-12T12:23:44.607825,https://www.flashscore.com/football/turkey/1-lig/
TURKEY - 1. LIG - ROUND 17,10,Boluspor,WpwUHfZ0,5,5,25,8,25,17,8,23,2025-12-12T12:23:44.607825,https://www.flashscore.com/football/turkey/1-lig/
TURKEY - 1. LIG - ROUND 17,11,Keciorengucu,tOinx4lk,6,5,25,6,25,19,6,21,2025-12-12T12:23:44.607825,https://www.flashscore.com/football/turkey/1-lig/
TURKEY - 1. LIG - ROUND 17,12,Vanspor FK,6o783Ei5,6,5,20,2,20,18,2,21,2025-12-12T12:23:44.607825,https://www.flashscore.com/football/turkey/1-lig/
TURKEY - 1. LIG - ROUND 17,13,Sivasspor,OvblvwLr,5,6,20,3,20,17,3,20,2025-12-12T12:23:44.607825,https://www.flashscore.com/football/turkey/1-lig/
TURKEY - 1. LIG - ROUND 17,14,Sakaryaspor,2Jzfymql,4,7,28,-6,28,34,-6,19,2025-12-12T12:23:44.607825,https://www.flashscore.com/football/turkey/1-lig/
TURKEY - 1. LIG - ROUND 17,15,Istanbulspor AS,bwbQIDxd,9,4,17,-8,17,25,-8,18,2025-12-12T12:23:44.607825,https://www.flashscore.com/football/turkey/1-lig/
TURKEY - 1. LIG - ROUND 17,16,Sariyer,fNtKGmxb,2,9,16,-6,16,22,-6,17,2025-12-12T12:23:44.607825,https://www.flashscore.com/football/turkey/1-lig/
TURKEY - 1. LIG - ROUND 17,17,Manisa FK,K0zmTxp3,4,8,23,-6,23,29,-6,16,2025-12-12T12:23:44.607825,https://www.flashscore.com/football/turkey/1-lig/
TURKEY - 1. LIG - ROUND 17,18,Umraniyespor,tvvIEKkc,3,9,13,-13,13,26,-13,15,2025-12-12T12:23:44.607825,https://www.flashscore.com/football/turkey/1-lig/
TURKEY - 1. LIG - ROUND 17,19,Hatayspor,ENFkH8NH,5,11,15,-27,15,42,-27,5,2025-12-12T12:23:44.607825,https://www.flashscore.com/football/turkey/1-lig/
TURKEY - 1. LIG - ROUND 17,20,Adana Demirspor,8AShqI0G,2,14,12,-55,12,67,-55,-22,2025-12-12T12:23:44.607825,https://www.flashscore.com/football/turkey/1-lig/
SERBIA - MOZZART BET PRVA LIGA - ROUND 22,1,Zemun,j3gSl0Lg,7,1,35,18,35,17,18,46,2025-12-12T12:38:19.991507,https://www.flashscore.com/football/serbia/mozzart-bet-prva-liga/
SERBIA - MOZZART BET PRVA LIGA - ROUND 22,2,Vozdovac,M9OiD6qE,5,4,39,20,39,19,20,41,2025-12-12T12:38:19.991507,https://www.flashscore.com/football/serbia/mozzart-bet-prva-liga/
SERBIA - MOZZART BET PRVA LIGA - ROUND 22,3,Macva,xvDc9QS5,5,4,33,12,33,21,12,41,2025-12-12T12:38:19.991507,https://www.flashscore.com/football/serbia/mozzart-bet-prva-liga/
SERBIA - MOZZART BET PRVA LIGA - ROUND 22,4,Dinamo Jug,ADvRvuVg,9,4,24,4,24,20,4,33,2025-12-12T12:38:19.991507,https://www.flashscore.com/football/serbia/mozzart-bet-prva-liga/
SERBIA - MOZZART BET PRVA LIGA - ROUND 22,5,Smederevo,pQ6ezCoj,4,8,28,6,28,22,6,31,2025-12-12T12:38:19.991507,https://www.flashscore.com/football/serbia/mozzart-bet-prva-liga/
SERBIA - MOZZART BET PRVA LIGA - ROUND 22,6,Jedinstvo U.,jPKLWwg4,9,5,32,2,32,30,2,30,2025-12-12T12:38:19.991507,https://www.flashscore.com/football/serbia/mozzart-bet-prva-liga/
SERBIA - MOZZART BET PRVA LIGA - ROUND 22,7,Loznica,bij7d3qi,6,7,23,1,23,22,1,30,2025-12-12T12:38:19.991507,https://www.flashscore.com/football/serbia/mozzart-bet-prva-liga/
SERBIA - MOZZART BET PRVA LIGA - ROUND 22,8,Graficar Beograd,tdjrAZR4,6,8,23,0,23,23,0,27,2025-12-12T12:38:19.991507,https://www.flashscore.com/football/serbia/mozzart-bet-prva-liga/
SERBIA - MOZZART BET PRVA LIGA - ROUND 22,9,Vrsac,S6zFv88H,11,5,22,0,22,22,0,26,2025-12-12T12:38:19.991507,https://www.flashscore.com/football/serbia/mozzart-bet-prva-liga/
SERBIA - MOZZART BET PRVA LIGA - ROUND 22,10,Tekstilac Odzaci,S6MBKdJS,5,9,26,-8,26,34,-8,26,2025-12-12T12:38:19.991507,https://www.flashscore.com/football/serbia/mozzart-bet-prva-liga/
SERBIA - MOZZART BET PRVA LIGA - ROUND 22,11,Kabel Novi Sad,MLWlhIfn,9,7,17,-5,17,22,-5,24,2025-12-12T12:38:19.991507,https://www.flashscore.com/football/serbia/mozzart-bet-prva-liga/
SERBIA - MOZZART BET PRVA LIGA - ROUND 22,12,Trayal Krusevac,CzoABfnj,5,10,25,1,25,24,1,23,2025-12-12T12:38:19.991507,https://www.flashscore.com/football/serbia/mozzart-bet-prva-liga/
SERBIA - MOZZART BET PRVA LIGA - ROUND 22,13,FAP,lQrZNoHb,4,11,16,-15,16,31,-15,22,2025-12-12T12:38:19.991507,https://www.flashscore.com/football/serbia/mozzart-bet-prva-liga/
SERBIA - MOZZART BET PRVA LIGA - ROUND 22,14,Dubocica,xQYRIT2N,8,9,20,-13,20,33,-13,20,2025-12-12T12:38:19.991507,https://www.flashscore.com/football/serbia/mozzart-bet-prva-liga/
SERBIA - MOZZART BET PRVA LIGA - ROUND 22,15,Borac 1926,Sjsw0IKI,7,11,18,-11,18,29,-11,16,2025-12-12T12:38:19.991507,https://www.flashscore.com/football/serbia/mozzart-bet-prva-liga/
SERBIA - MOZZART BET PRVA LIGA - ROUND 22,16,Usce,fNA8iNmq,4,13,19,-12,19,31,-12,16,2025-12-12T12:38:19.991507,https://www.flashscore.com/football/serbia/mozzart-bet-prva-liga/
SEYCHELLES - PREMIER LEAGUE - ROUND 7,1,Foresters FC,ELM3WgvF,0,2,13,8,13,5,8,12,2025-12-12T12:38:52.254111,https://www.flashscore.com/football/seychelles/premier-league/
SEYCHELLES - PREMIER LEAGUE - ROUND 7,2,Bazar Brothers,Y54TCLNF,3,0,13,8,13,5,8,12,2025-12-12T12:38:52.254111,https://www.flashscore.com/football/seychelles/premier-league/
SEYCHELLES - PREMIER LEAGUE - ROUND 7,3,Anse Reunion,j5JKOfug,2,1,11,6,11,5,6,11,2025-12-12T12:38:52.254111,https://www.flashscore.com/football/seychelles/premier-league/
SEYCHELLES - PREMIER LEAGUE - ROUND 7,4,Saint Louis,OjFGAutG,1,2,8,0,8,8,0,10,2025-12-12T12:38:52.254111,https://www.flashscore.com/football/seychelles/premier-league/
SEYCHELLES - PREMIER LEAGUE - ROUND 7,5,Real Maldives,zLwAvKwG,0,3,7,0,7,7,0,9,2025-12-12T12:38:52.254111,https://www.flashscore.com/football/seychelles/premier-league/
SEYCHELLES - PREMIER LEAGUE - ROUND 7,6,Bel Air,KxTOlfF9,3,1,7,0,7,7,0,9,2025-12-12T12:38:52.254111,https://www.flashscore.com/football/seychelles/premier-league/
SEYCHELLES - PREMIER LEAGUE - ROUND 7,7,St Michel United,vBqEk5c4,1,3,11,0,11,11,0,7,2025-12-12T12:38:52.254111,https://www.flashscore.com/football/seychelles/premier-league/
SEYCHELLES - PREMIER LEAGUE - ROUND 7,8,Cote d'Or,EuDj3M54,1,3,8,-3,8,11,-3,7,2025-12-12T12:38:52.254111,https://www.flashscore.com/football/seychelles/premier-league/
SEYCHELLES - PREMIER LEAGUE - ROUND 7,9,Lightstars,z1fAInfF,2,3,5,-3,5,8,-3,5,2025-12-12T12:38:52.254111,https://www.flashscore.com/football/seychelles/premier-league/
SEYCHELLES - PREMIER LEAGUE - ROUND 7,10,Revengers,rRcIGQOR,1,5,1,-16,1,17,-16,1,2025-12-12T12:38:52.254111,https://www.flashscore.com/football/seychelles/premier-league/
KENYA - PREMIER LEAGUE - ROUND 13,1,Police FC,AX15Kdd9,2,2,9,3,9,6,3,20,2025-12-12T12:39:02.216760,https://www.flashscore.com/football/kenya/premier-league/
KENYA - PREMIER LEAGUE - ROUND 13,2,Gor Mahia,GU9jbyMo,1,3,13,6,13,7,6,19,2025-12-12T12:39:02.216760,https://www.flashscore.com/football/kenya/premier-league/
KENYA - PREMIER LEAGUE - ROUND 13,3,Kakamega Homeboyz,OfdPtDuK,4,2,14,4,14,10,4,19,2025-12-12T12:39:02.216760,https://www.flashscore.com/football/kenya/premier-league/
KENYA - PREMIER LEAGUE - ROUND 13,4,Posta Rangers,WfxlGWpg,4,3,14,-1,14,15,-1,19,2025-12-12T12:39:02.216760,https://www.flashscore.com/football/kenya/premier-league/
KENYA - PREMIER LEAGUE - ROUND 13,5,Shabana,YXH9gwV9,3,3,12,3,12,9,3,18,2025-12-12T12:39:02.216760,https://www.flashscore.com/football/kenya/premier-league/
KENYA - PREMIER LEAGUE - ROUND 13,6,KCB,YJdDMY7P,3,4,11,2,11,9,2,18,2025-12-12T12:39:02.216760,https://www.flashscore.com/football/kenya/premier-league/
KENYA - PREMIER LEAGUE - ROUND 13,7,Tusker,b9c0Ziqo,3,4,10,0,10,10,0,18,2025-12-12T12:39:02.216760,https://www.flashscore.com/football/kenya/premier-league/
KENYA - PREMIER LEAGUE - ROUND 13,8,Leopards,GWtFfl5B,5,1,11,3,11,8,3,17,2025-12-12T12:39:02.216760,https://www.flashscore.com/football/kenya/premier-league/
KENYA - PREMIER LEAGUE - ROUND 13,9,Mara Sugar,UBYgXJJb,5,3,8,1,8,7,1,14,2025-12-12T12:39:02.216760,https://www.flashscore.com/football/kenya/premier-league/
KENYA - PREMIER LEAGUE - ROUND 13,10,Mathare Utd.,lzS777jQ,2,6,8,-3,8,11,-3,14,2025-12-12T12:39:02.216760,https://www.flashscore.com/football/kenya/premier-league/
KENYA - PREMIER LEAGUE - ROUND 13,11,Ulinzi Stars,KzxaGb9r,4,6,11,-3,11,14,-3,13,2025-12-12T12:39:02.216760,https://www.flashscore.com/football/kenya/premier-league/
KENYA - PREMIER LEAGUE - ROUND 13,12,Bidco United,0zjHr0CN,4,5,7,-3,7,10,-3,13,2025-12-12T12:39:02.216760,https://www.flashscore.com/football/kenya/premier-league/
KENYA - PREMIER LEAGUE - ROUND 13,13,Nairobi United,6m8PWkft,0,4,10,0,10,10,0,12,2025-12-12T12:39:02.216760,https://www.flashscore.com/football/kenya/premier-league/
KENYA - PREMIER LEAGUE - ROUND 13,14,Bandari,AuYxVndl,6,3,8,0,8,8,0,12,2025-12-12T12:39:02.216760,https://www.flashscore.com/football/kenya/premier-league/
KENYA - PREMIER LEAGUE - ROUND 13,15,APS Bomet,KScUSuRF,3,5,11,-2,11,13,-2,12,2025-12-12T12:39:02.216760,https://www.flashscore.com/football/kenya/premier-league/
KENYA - PREMIER LEAGUE - ROUND 13,16,Sofapaka,xU9afFkD,3,6,11,-3,11,14,-3,12,2025-12-12T12:39:02.216760,https://www.flashscore.com/football/kenya/premier-league/
KENYA - PREMIER LEAGUE - ROUND 13,17,Muranga,xxIkEOUS,5,4,10,-2,10,12,-2,11,2025-12-12T12:39:02.216760,https://www.flashscore.com/football/kenya/premier-league/
KENYA - PREMIER LEAGUE - ROUND 13,18,Kariobangi Sharks,EkWjHR8e,5,5,7,-5,7,12,-5,8,2025-12-12T12:39:02.216760,https://www.flashscore.com/football/kenya/premier-league/
LEBANON - PREMIER LEAGUE - ROUND 9,1,Jwayya,ngjsT3hU,1,1,17,15,17,2,15,19,2025-12-12T12:40:56.485570,https://www.flashscore.com/football/lebanon/premier-league/
LEBANON - PREMIER LEAGUE - ROUND 9,2,Nejmeh SC,OImkpk5m,1,1,16,11,16,5,11,19,2025-12-12T12:40:56.485570,https://www.flashscore.com/football/lebanon/premier-league/
LEBANON - PREMIER LEAGUE - ROUND 9,3,Al Ahed,x0AZzP5L,0,2,15,5,15,10,5,18,2025-12-12T12:40:56.485570,https://www.flashscore.com/football/lebanon/premier-league/
LEBANON - PREMIER LEAGUE - ROUND 9,4,Al Ansar,0nBNQR0n,1,1,15,10,15,5,10,16,2025-12-12T12:40:56.485570,https://www.flashscore.com/football/lebanon/premier-league/
LEBANON - PREMIER LEAGUE - ROUND 9,5,Al Hikma,Qyeqi55k,1,3,11,2,11,9,2,13,2025-12-12T12:40:56.485570,https://www.flashscore.com/football/lebanon/premier-league/
LEBANON - PREMIER LEAGUE - ROUND 9,6,Safa,hEFSbYf4,2,2,11,6,11,5,6,11,2025-12-12T12:40:56.485570,https://www.flashscore.com/football/lebanon/premier-league/
LEBANON - PREMIER LEAGUE - ROUND 9,7,Al Sahel,Cpw9hIRT,3,2,7,1,7,6,1,9,2025-12-12T12:40:56.485570,https://www.flashscore.com/football/lebanon/premier-league/
LEBANON - PREMIER LEAGUE - ROUND 9,8,Tadamon,hWEObasb,3,3,7,-2,7,9,-2,9,2025-12-12T12:40:56.485570,https://www.flashscore.com/football/lebanon/premier-league/
LEBANON - PREMIER LEAGUE - ROUND 9,9,Al-Mabarrah,Gh0WeCPG,5,3,3,-7,3,10,-7,5,2025-12-12T12:40:56.485570,https://www.flashscore.com/football/lebanon/premier-league/
LEBANON - PREMIER LEAGUE - ROUND 9,10,Bourj FC,bgzfqXd1,1,5,3,-8,3,11,-8,4,2025-12-12T12:40:56.485570,https://www.flashscore.com/football/lebanon/premier-league/
LEBANON - PREMIER LEAGUE - ROUND 9,11,Al Riyadi Abbasiyah,bFEJzUd3,1,6,5,-9,5,14,-9,4,2025-12-12T12:40:56.485570,https://www.flashscore.com/football/lebanon/premier-league/
LEBANON - PREMIER LEAGUE - ROUND 9,12,Racing,EgPzlxzo,1,7,1,-24,1,25,-24,1,2025-12-12T12:40:56.485570,https://www.flashscore.com/football/lebanon/premier-league/
THAILAND - THAI LEAGUE 1 - ROUND 15,1,Buriram,r3QHlQs7,1,1,36,21,36,15,21,34,2025-12-12T12:41:16.009176,https://www.flashscore.com/football/thailand/thai-league-1/
THAILAND - THAI LEAGUE 1 - ROUND 15,2,Port MTI FC,Yov9ooRk,3,3,25,17,25,8,17,27,2025-12-12T12:41:16.009176,https://www.flashscore.com/football/thailand/thai-league-1/
THAILAND - THAI LEAGUE 1 - ROUND 15,3,Ratchaburi,ppiiJg9Q,2,3,20,11,20,9,11,26,2025-12-12T12:41:16.009176,https://www.flashscore.com/football/thailand/thai-league-1/
THAILAND - THAI LEAGUE 1 - ROUND 15,4,Bangkok Utd,zsaenKWk,5,2,24,8,24,16,8,26,2025-12-12T12:41:16.009176,https://www.flashscore.com/football/thailand/thai-league-1/
THAILAND - THAI LEAGUE 1 - ROUND 15,5,Pathum United,hI9jm0Hq,4,3,16,3,16,13,3,22,2025-12-12T12:41:16.009176,https://www.flashscore.com/football/thailand/thai-league-1/
THAILAND - THAI LEAGUE 1 - ROUND 15,6,Rayong FC,2yziZgpF,6,3,20,4,20,16,4,21,2025-12-12T12:41:16.009176,https://www.flashscore.com/football/thailand/thai-league-1/
THAILAND - THAI LEAGUE 1 - ROUND 15,7,Chiangrai Utd,Ori0c7SL,6,3,14,2,14,12,2,18,2025-12-12T12:41:16.009176,https://www.flashscore.com/football/thailand/thai-league-1/
THAILAND - THAI LEAGUE 1 - ROUND 15,8,Prachuap,UcjkBSc4,6,4,20,1,20,19,1,18,2025-12-12T12:41:16.009176,https://www.flashscore.com/football/thailand/thai-league-1/
THAILAND - THAI LEAGUE 1 - ROUND 15,9,Sukhothai,KQyceoMu,6,4,11,-1,11,12,-1,15,2025-12-12T12:41:16.009176,https://www.flashscore.com/football/thailand/thai-league-1/
THAILAND - THAI LEAGUE 1 - ROUND 15,10,Ayutthaya Utd,lKndTaXN,6,5,22,-4,22,26,-4,15,2025-12-12T12:41:16.009176,https://www.flashscore.com/football/thailand/thai-league-1/
THAILAND - THAI LEAGUE 1 - ROUND 15,11,Uthai Thani,vRlEPIv3,5,6,24,-2,24,26,-2,14,2025-12-12T12:41:16.009176,https://www.flashscore.com/football/thailand/thai-league-1/
THAILAND - THAI LEAGUE 1 - ROUND 15,12,Chonburi,drd0zlZS,5,6,16,-4,16,20,-4,14,2025-12-12T12:41:16.009176,https://www.flashscore.com/football/thailand/thai-league-1/
THAILAND - THAI LEAGUE 1 - ROUND 15,13,Muang Thong Utd,YDWdVoCd,4,7,15,-11,15,26,-11,13,2025-12-12T12:41:16.009176,https://www.flashscore.com/football/thailand/thai-league-1/
THAILAND - THAI LEAGUE 1 - ROUND 15,14,Lamphun Warrior,ImxRTbnJ,7,6,20,-13,20,33,-13,10,2025-12-12T12:41:16.009176,https://www.flashscore.com/football/thailand/thai-league-1/
THAILAND - THAI LEAGUE 1 - ROUND 15,15,Kanchanaburi,pQqbqyUn,6,6,13,-13,13,26,-13,9,2025-12-12T12:41:16.009176,https://www.flashscore.com/football/thailand/thai-league-1/
THAILAND - THAI LEAGUE 1 - ROUND 15,16,Nakhon Ratchasima FC,hrxT3vbP,4,9,7,-19,7,26,-19,7,2025-12-12T12:41:16.009176,https://www.flashscore.com/football/thailand/thai-league-1/
ISRAEL - LEUMIT LEAGUE - ROUND 15,1,Maccabi Petah Tikva,tzLcThTm,2,3,33,16,33,17,16,29,2025-12-12T13:15:11.076170,https://www.flashscore.com/football/israel/leumit-league/
ISRAEL - LEUMIT LEAGUE - ROUND 15,2,M. Herzliya,p4VWSYDs,5,1,24,13,24,11,13,29,2025-12-12T13:15:11.076170,https://www.flashscore.com/football/israel/leumit-league/
ISRAEL - LEUMIT LEAGUE - ROUND 15,3,Hapoel Kfar Saba,pEhouXc0,4,3,17,4,17,13,4,25,2025-12-12T13:15:11.076170,https://www.flashscore.com/football/israel/leumit-league/
ISRAEL - LEUMIT LEAGUE - ROUND 15,4,H. Ironi Rishon,nNbDAhrs,3,4,21,7,21,14,7,24,2025-12-12T13:15:11.076170,https://www.flashscore.com/football/israel/leumit-league/
ISRAEL - LEUMIT LEAGUE - ROUND 15,5,MS Kafr Qasim,KtEMhbTp,4,4,25,4,25,21,4,22,2025-12-12T13:15:11.076170,https://www.flashscore.com/football/israel/leumit-league/
ISRAEL - LEUMIT LEAGUE - ROUND 15,6,Hapoel Kfar Shalem,hjn53BuM,3,5,22,1,22,21,1,21,2025-12-12T13:15:11.076170,https://www.flashscore.com/football/israel/leumit-league/
ISRAEL - LEUMIT LEAGUE - ROUND 15,7,Kiryat Yam,lOlgXWps,2,5,21,2,21,19,2,19,2025-12-12T13:15:11.076170,https://www.flashscore.com/football/israel/leumit-league/
ISRAEL - LEUMIT LEAGUE - ROUND 15,8,Ironi Modiin,zsnMjzSE,1,7,23,-1,23,24,-1,19,2025-12-12T13:15:11.076170,https://www.flashscore.com/football/israel/leumit-league/
ISRAEL - LEUMIT LEAGUE - ROUND 15,9,Hap. Ramat Gan,xdPX7jSa,3,6,21,1,21,20,1,18,2025-12-12T13:15:11.076170,https://www.flashscore.com/football/israel/leumit-league/
ISRAEL - LEUMIT LEAGUE - ROUND 15,10,H. Akko,fucQuOnS,8,3,17,0,17,17,0,17,2025-12-12T13:15:11.076170,https://www.flashscore.com/football/israel/leumit-league/
ISRAEL - LEUMIT LEAGUE - ROUND 15,11,H. Raanana,2m3GbPH2,2,7,13,-7,13,20,-7,17,2025-12-12T13:15:11.076170,https://www.flashscore.com/football/israel/leumit-league/
ISRAEL - LEUMIT LEAGUE - ROUND 15,12,Maccabi Jaffa,rwgzOnGd,3,7,25,-5,25,30,-5,15,2025-12-12T13:15:11.076170,https://www.flashscore.com/football/israel/leumit-league/
ISRAEL - LEUMIT LEAGUE - ROUND 15,13,Hapoel Hadera,29PRngvi,8,4,19,-1,19,20,-1,14,2025-12-12T13:15:11.076170,https://www.flashscore.com/football/israel/leumit-league/
ISRAEL - LEUMIT LEAGUE - ROUND 15,14,Bnei Yehuda,lYq1YfjK,2,8,12,-10,12,22,-10,14,2025-12-12T13:15:11.076170,https://www.flashscore.com/football/israel/leumit-league/
ISRAEL - LEUMIT LEAGUE - ROUND 15,15,Hapoel Afula,j3OAwu2L,4,8,12,-16,12,28,-16,10,2025-12-12T13:15:11.076170,https://www.flashscore.com/football/israel/leumit-league/
ISRAEL - LEUMIT LEAGUE - ROUND 15,16,Nof Hagalil,GGEeSGq9,6,7,13,-8,13,21,-8,9,2025-12-12T13:15:11.076170,https://www.flashscore.com/football/israel/leumit-league/
ITALY - PRIMAVERA 1 - ROUND 15,1,Parma U20,pnUJfhb5,,,,,27,16,11,27,2025-12-12T13:16:18.375156,https://www.flashscore.com/football/italy/primavera-1/
ITALY - PRIMAVERA 1 - ROUND 15,2,Fiorentina U20,Q9VVMjSi,5,2,22,5,22,17,5,26,2025-12-12T13:16:18.375156,https://www.flashscore.com/football/italy/primavera-1/
ITALY - PRIMAVERA 1 - ROUND 15,3,Cesena U20,zo4S3YNH,4,3,33,9,33,24,9,25,2025-12-12T13:16:18.375156,https://www.flashscore.com/football/italy/primavera-1/
ITALY - PRIMAVERA 1 - ROUND 15,4,Atalanta U20,G4WDBJRt,7,1,26,8,26,18,8,25,2025-12-12T13:16:18.375156,https://www.flashscore.com/football/italy/primavera-1/
ITALY - PRIMAVERA 1 - ROUND 15,5,AS Roma U20,YF6nYqJ7,3,4,20,8,20,12,8,24,2025-12-12T13:16:18.375156,https://www.flashscore.com/football/italy/primavera-1/
ITALY - PRIMAVERA 1 - ROUND 15,6,Inter U20,tnmMpaCE,5,3,21,9,21,12,9,23,2025-12-12T13:16:18.375156,https://www.flashscore.com/football/italy/primavera-1/
ITALY - PRIMAVERA 1 - ROUND 15,7,Genoa U20,zDpdICPp,5,3,19,3,19,16,3,23,2025-12-12T13:16:18.375156,https://www.flashscore.com/football/italy/primavera-1/
ITALY - PRIMAVERA 1 - ROUND 15,8,Monza U20,tEbXWFBs,23,,,,15,11,4,23,2025-12-12T13:16:18.375156,https://www.flashscore.com/football/italy/primavera-1/
ITALY - PRIMAVERA 1 - ROUND 15,9,Verona U20,KrX7Gyx7,4,4,19,2,19,17,2,22,2025-12-12T13:16:18.375156,https://www.flashscore.com/football/italy/primavera-1/
ITALY - PRIMAVERA 1 - ROUND 15,10,Sassuolo U20,t882wE1A,4,4,21,1,21,20,1,22,2025-12-12T13:16:18.375156,https://www.flashscore.com/football/italy/primavera-1/
ITALY - PRIMAVERA 1 - ROUND 15,11,Bologna U20,xx5LOEnH,2,6,14,0,14,14,0,20,2025-12-12T13:16:18.375156,https://www.flashscore.com/football/italy/primavera-1/
ITALY - PRIMAVERA 1 - ROUND 15,12,Juventus U20,x6Gk5894,5,4,18,-2,18,20,-2,20,2025-12-12T13:16:18.375156,https://www.flashscore.com/football/italy/primavera-1/
ITALY - PRIMAVERA 1 - ROUND 15,13,AC Milan U20,UTnkO11b,6,4,20,3,20,17,3,18,2025-12-12T13:16:18.375156,https://www.flashscore.com/football/italy/primavera-1/
ITALY - PRIMAVERA 1 - ROUND 15,14,Lecce U20,boEfbzat,5,5,20,-1,20,21,-1,17,2025-12-12T13:16:18.375156,https://www.flashscore.com/football/italy/primavera-1/
ITALY - PRIMAVERA 1 - ROUND 15,15,Napoli U20,l0jeuzXc,1,8,11,-10,11,21,-10,16,2025-12-12T13:16:18.375156,https://www.flashscore.com/football/italy/primavera-1/
ITALY - PRIMAVERA 1 - ROUND 15,16,Lazio U20,Sp2nsd2o,2,8,11,-6,11,17,-6,14,2025-12-12T13:16:18.375156,https://www.flashscore.com/football/italy/primavera-1/
ITALY - PRIMAVERA 1 - ROUND 15,17,Frosinone U20,0EYriHMU,3,8,16,-10,16,26,-10,12,2025-12-12T13:16:18.375156,https://www.flashscore.com/football/italy/primavera-1/
ITALY - PRIMAVERA 1 - ROUND 15,18,Cagliari U20,ju9PNY1N,2,9,9,-10,9,19,-10,11,2025-12-12T13:16:18.375156,https://www.flashscore.com/football/italy/primavera-1/
ITALY - PRIMAVERA 1 - ROUND 15,19,Torino U20,OGVExYGG,3,9,11,-13,11,24,-13,9,2025-12-12T13:16:18.375156,https://www.flashscore.com/football/italy/primavera-1/
ITALY - PRIMAVERA 1 - ROUND 15,20,Cremonese U20,EaJ0U1s8,2,10,10,-11,10,21,-11,8,2025-12-12T13:16:18.375156,https://www.flashscore.com/football/italy/primavera-1/
RWANDA - PREMIER LEAGUE,1,Police,lQa4Wj7A,5,0,11,6,11,5,6,23,2025-12-12T13:18:09.578192,https://www.flashscore.com/football/rwanda/premier-league/
RWANDA - PREMIER LEAGUE,2,APR,Y9dt9cjl,4,1,14,6,14,8,6,19,2025-12-12T13:18:09.578192,https://www.flashscore.com/football/rwanda/premier-league/
RWANDA - PREMIER LEAGUE,3,Marines,bgxlvMw2,0,5,13,5,13,8,5,18,2025-12-12T13:18:09.578192,https://www.flashscore.com/football/rwanda/premier-league/
RWANDA - PREMIER LEAGUE,4,Gasogi United,4zFRxHeP,3,3,11,1,11,10,1,18,2025-12-12T13:18:09.578192,https://www.flashscore.com/football/rwanda/premier-league/
RWANDA - PREMIER LEAGUE,5,Rayon Sport,A7FS3VKA,2,3,12,2,12,10,2,17,2025-12-12T13:18:09.578192,https://www.flashscore.com/football/rwanda/premier-league/
RWANDA - PREMIER LEAGUE,6,Kiyovu,fNg5jBf1,4,3,9,3,9,6,3,16,2025-12-12T13:18:09.578192,https://www.flashscore.com/football/rwanda/premier-league/
RWANDA - PREMIER LEAGUE,7,Musanze,K2wpu2Oe,4,2,12,2,12,10,2,16,2025-12-12T13:18:09.578192,https://www.flashscore.com/football/rwanda/premier-league/
RWANDA - PREMIER LEAGUE,8,Gorilla,Kn4iXZwh,5,3,8,1,8,7,1,14,2025-12-12T13:18:09.578192,https://www.flashscore.com/football/rwanda/premier-league/
RWANDA - PREMIER LEAGUE,9,Mukura Victory Sports,UXPL3a3r,4,4,8,-2,8,10,-2,13,2025-12-12T13:18:09.578192,https://www.flashscore.com/football/rwanda/premier-league/
RWANDA - PREMIER LEAGUE,10,Al-Merreikh,C4TaurIK,0,2,6,3,6,3,3,12,2025-12-12T13:18:09.578192,https://www.flashscore.com/football/rwanda/premier-league/
RWANDA - PREMIER LEAGUE,11,Gicumbi,lWbeaW9A,3,4,12,0,12,12,0,12,2025-12-12T13:18:09.578192,https://www.flashscore.com/football/rwanda/premier-league/
RWANDA - PREMIER LEAGUE,12,Amagaju,xvlutr9k,2,6,6,-5,6,11,-5,11,2025-12-12T13:18:09.578192,https://www.flashscore.com/football/rwanda/premier-league/
RWANDA - PREMIER LEAGUE,13,Al-Hilal Omdurman,Ior3fTEA,1,0,7,6,7,1,6,10,2025-12-12T13:18:09.578192,https://www.flashscore.com/football/rwanda/premier-league/
RWANDA - PREMIER LEAGUE,14,Muhanga,OzpysOgq,1,6,5,-5,5,10,-5,10,2025-12-12T13:18:09.578192,https://www.flashscore.com/football/rwanda/premier-league/
RWANDA - PREMIER LEAGUE,15,Bugesera,SKx51sGI,4,6,8,-5,8,13,-5,10,2025-12-12T13:18:09.578192,https://www.flashscore.com/football/rwanda/premier-league/
RWANDA - PREMIER LEAGUE,16,Rutsiro,viwgne3n,4,6,12,-6,12,18,-6,10,2025-12-12T13:18:09.578192,https://www.flashscore.com/football/rwanda/premier-league/
RWANDA - PREMIER LEAGUE,17,AS Kigali,G2rukZmc,3,6,8,-6,8,14,-6,9,2025-12-12T13:18:09.578192,https://www.flashscore.com/football/rwanda/premier-league/
RWANDA - PREMIER LEAGUE,18,Etincelles,EXyWLuup,7,3,6,-6,6,12,-6,7,2025-12-12T13:18:09.578192,https://www.flashscore.com/football/rwanda/premier-league/
REPUBLIC OF THE CONGO - LIGUE 1 - ROUND 14,1,Otoho d'Oyo,0GuF1aSS,0,0,2,2,2,0,2,3,2025-12-12T13:25:43.579604,https://www.flashscore.com/football/republic-of-the-congo/ligue-1/
REPUBLIC OF THE CONGO - LIGUE 1 - ROUND 14,2,Leopard,rulf0ilK,0,0,0,0,0,0,0,0,2025-12-12T13:25:43.579604,https://www.flashscore.com/football/republic-of-the-congo/ligue-1/
REPUBLIC OF THE CONGO - LIGUE 1 - ROUND 14,3,Etoile du Congo,dISk7gAI,0,0,0,0,0,0,0,0,2025-12-12T13:25:43.579604,https://www.flashscore.com/football/republic-of-the-congo/ligue-1/
REPUBLIC OF THE CONGO - LIGUE 1 - ROUND 14,4,JS Talangai,WIBosHcG,0,0,0,0,0,0,0,0,2025-12-12T13:25:43.579604,https://www.flashscore.com/football/republic-of-the-congo/ligue-1/
REPUBLIC OF THE CONGO - LIGUE 1 - ROUND 14,5,CARA Brazzaville,AutlQkBd,0,0,0,0,0,0,0,0,2025-12-12T13:25:43.579604,https://www.flashscore.com/football/republic-of-the-congo/ligue-1/
REPUBLIC OF THE CONGO - LIGUE 1 - ROUND 14,6,Kondzo,Clv0pB2S,0,0,0,0,0,0,0,0,2025-12-12T13:25:43.579604,https://www.flashscore.com/football/republic-of-the-congo/ligue-1/
REPUBLIC OF THE CONGO - LIGUE 1 - ROUND 14,7,Inter Club,6quhZ3m0,0,0,0,0,0,0,0,0,2025-12-12T13:25:43.579604,https://www.flashscore.com/football/republic-of-the-congo/ligue-1/
REPUBLIC OF THE CONGO - LIGUE 1 - ROUND 14,8,Cheminots,h0s4W1XI,0,0,0,0,0,0,0,0,2025-12-12T13:25:43.579604,https://www.flashscore.com/football/republic-of-the-congo/ligue-1/
REPUBLIC OF THE CONGO - LIGUE 1 - ROUND 14,9,V. Club Mokanda,IoZXoNHa,0,0,0,0,0,0,0,0,2025-12-12T13:25:43.579604,https://www.flashscore.com/football/republic-of-the-congo/ligue-1/
REPUBLIC OF THE CONGO - LIGUE 1 - ROUND 14,10,RCB,p4eOsrGP,0,0,0,0,0,0,0,0,2025-12-12T13:25:43.579604,https://www.flashscore.com/football/republic-of-the-congo/ligue-1/
REPUBLIC OF THE CONGO - LIGUE 1 - ROUND 14,11,AS BNG,SIjXTvub,0,0,0,0,0,0,0,0,2025-12-12T13:25:43.579604,https://www.flashscore.com/football/republic-of-the-congo/ligue-1/
REPUBLIC OF THE CONGO - LIGUE 1 - ROUND 14,12,Juk,8ObpuJwQ,0,0,0,0,0,0,0,0,2025-12-12T13:25:43.579604,https://www.flashscore.com/football/republic-of-the-congo/ligue-1/
REPUBLIC OF THE CONGO - LIGUE 1 - ROUND 14,13,Vegas,ddgpwm3B,0,0,0,0,0,0,0,0,2025-12-12T13:25:43.579604,https://www.flashscore.com/football/republic-of-the-congo/ligue-1/
REPUBLIC OF THE CONGO - LIGUE 1 - ROUND 14,14,KFA,nywMdPU9,0,0,0,0,0,0,0,0,2025-12-12T13:25:43.579604,https://www.flashscore.com/football/republic-of-the-congo/ligue-1/
REPUBLIC OF THE CONGO - LIGUE 1 - ROUND 14,15,Red Stars,fiV7iYTa,0,0,0,0,0,0,0,0,2025-12-12T13:25:43.579604,https://www.flashscore.com/football/republic-of-the-congo/ligue-1/
REPUBLIC OF THE CONGO - LIGUE 1 - ROUND 14,16,Diables Noirs,xlWrOB3I,0,1,0,-2,0,2,-2,0,2025-12-12T13:25:43.579604,https://www.flashscore.com/football/republic-of-the-congo/ligue-1/
DR CONGO - LIGUE 1 - ROUND 9,1,AS Vita Club,d0HLqj6I,5,1,17,12,17,5,12,23,2025-12-12T13:25:44.811564,https://www.flashscore.com/football/dr-congo/ligue-1/
DR CONGO - LIGUE 1 - ROUND 9,2,MK Etancheite,jyyDlL4n,4,3,12,1,12,11,1,19,2025-12-12T13:25:44.811564,https://www.flashscore.com/football/dr-congo/ligue-1/
DR CONGO - LIGUE 1 - ROUND 9,3,AC Rangers,Stjmj4EU,5,2,14,2,14,12,2,17,2025-12-12T13:25:44.811564,https://www.flashscore.com/football/dr-congo/ligue-1/
DR CONGO - LIGUE 1 - ROUND 9,4,Celeste,E5gUhvoN,4,2,16,11,16,5,11,16,2025-12-12T13:25:44.811564,https://www.flashscore.com/football/dr-congo/ligue-1/
DR CONGO - LIGUE 1 - ROUND 9,5,Motema Pembe,OzNavCpl,6,1,15,6,15,9,6,15,2025-12-12T13:25:44.811564,https://www.flashscore.com/football/dr-congo/ligue-1/
DR CONGO - LIGUE 1 - ROUND 9,6,Aigles du Congo,ll5VeAML,3,2,11,3,11,8,3,15,2025-12-12T13:25:44.811564,https://www.flashscore.com/football/dr-congo/ligue-1/
DR CONGO - LIGUE 1 - ROUND 9,7,Maniema,2BaHDFR2,7,0,9,5,9,4,5,13,2025-12-12T13:25:44.811564,https://www.flashscore.com/football/dr-congo/ligue-1/
DR CONGO - LIGUE 1 - ROUND 9,8,Dauphins Noirs,MRueczhs,3,3,9,2,9,7,2,12,2025-12-12T13:25:44.811564,https://www.flashscore.com/football/dr-congo/ligue-1/
DR CONGO - LIGUE 1 - ROUND 9,9,Etoile de Kivu,AyC7mybj,3,4,9,-6,9,15,-6,12,2025-12-12T13:25:44.811564,https://www.flashscore.com/football/dr-congo/ligue-1/
DR CONGO - LIGUE 1 - ROUND 9,10,Anges Verts,z9cAjOjt,2,4,12,-2,12,14,-2,11,2025-12-12T13:25:44.811564,https://www.flashscore.com/football/dr-congo/ligue-1/
DR CONGO - LIGUE 1 - ROUND 9,11,New Jack,j5mZpKKH,4,2,7,0,7,7,0,10,2025-12-12T13:25:44.811564,https://www.flashscore.com/football/dr-congo/ligue-1/
DR CONGO - LIGUE 1 - ROUND 9,12,Renaissance,v9rrw7PE,2,5,5,-4,5,9,-4,8,2025-12-12T13:25:44.811564,https://www.flashscore.com/football/dr-congo/ligue-1/
DR CONGO - LIGUE 1 - ROUND 9,13,FC Renaissance,fVHSnLKa,5,4,9,-6,9,15,-6,8,2025-12-12T13:25:44.811564,https://www.flashscore.com/football/dr-congo/ligue-1/
DR CONGO - LIGUE 1 - ROUND 9,14,Bukavu Dawa,A3NxqwT3,1,7,4,-15,4,19,-15,4,2025-12-12T13:25:44.811564,https://www.flashscore.com/football/dr-congo/ligue-1/
DR CONGO - LIGUE 1 - ROUND 9,15,Martin Pecheur,zuQzoakC,0,3,0,-9,0,9,-9,0,2025-12-12T13:25:44.811564,https://www.flashscore.com/football/dr-congo/ligue-1/
SAUDI ARABIA - DIVISION 1 - ROUND 11,1,Abha,lnEqnhJf,2,1,24,15,24,9,15,23,2025-12-12T13:30:18.898200,https://www.flashscore.com/football/saudi-arabia/division-1/
SAUDI ARABIA - DIVISION 1 - ROUND 11,2,Al-Ula,OC8T8zk3,4,0,22,15,22,7,15,22,2025-12-12T13:30:18.898200,https://www.flashscore.com/football/saudi-arabia/division-1/
SAUDI ARABIA - DIVISION 1 - ROUND 11,3,Al Orubah,A3ZAc2rn,1,2,19,7,19,12,7,22,2025-12-12T13:30:18.898200,https://www.flashscore.com/football/saudi-arabia/division-1/
SAUDI ARABIA - DIVISION 1 - ROUND 11,4,Al Diriyah,URqHJiim,3,1,21,12,21,9,12,21,2025-12-12T13:30:18.898200,https://www.flashscore.com/football/saudi-arabia/division-1/
SAUDI ARABIA - DIVISION 1 - ROUND 11,5,Al Bukiryah,A7YIBlI0,1,3,10,-1,10,11,-1,19,2025-12-12T13:30:18.898200,https://www.flashscore.com/football/saudi-arabia/division-1/
SAUDI ARABIA - DIVISION 1 - ROUND 11,6,Al Raed,WfHC8geK,3,2,18,6,18,12,6,18,2025-12-12T13:30:18.898200,https://www.flashscore.com/football/saudi-arabia/division-1/
SAUDI ARABIA - DIVISION 1 - ROUND 11,7,Al Jabalain,IiU3CHMA,4,2,17,6,17,11,6,16,2025-12-12T13:30:18.898200,https://www.flashscore.com/football/saudi-arabia/division-1/
SAUDI ARABIA - DIVISION 1 - ROUND 11,8,Al-Faisaly,AsIgIB3d,6,0,12,4,12,8,4,15,2025-12-12T13:30:18.898200,https://www.flashscore.com/football/saudi-arabia/division-1/
SAUDI ARABIA - DIVISION 1 - ROUND 11,9,Jeddah,CfPZn6fq,3,3,13,1,13,12,1,15,2025-12-12T13:30:18.898200,https://www.flashscore.com/football/saudi-arabia/division-1/
SAUDI ARABIA - DIVISION 1 - ROUND 11,10,Al Jandal,KYVyZZDD,8,-7,,,8,15,-7,13,2025-12-12T13:30:18.898200,https://www.flashscore.com/football/saudi-arabia/division-1/
SAUDI ARABIA - DIVISION 1 - ROUND 11,11,Al Taee,xYXsXyUh,3,4,13,1,13,12,1,12,2025-12-12T13:30:18.898200,https://www.flashscore.com/football/saudi-arabia/division-1/
SAUDI ARABIA - DIVISION 1 - ROUND 11,12,Al Anwar,tIq6HsLN,4,4,8,-3,8,11,-3,10,2025-12-12T13:30:18.898200,https://www.flashscore.com/football/saudi-arabia/division-1/
SAUDI ARABIA - DIVISION 1 - ROUND 11,13,Al Zulfi,ruiBiPF5,3,4,9,-3,9,12,-3,9,2025-12-12T13:30:18.898200,https://www.flashscore.com/football/saudi-arabia/division-1/
SAUDI ARABIA - DIVISION 1 - ROUND 11,14,Al Arabi,8f20POYF,3,5,5,-10,5,15,-10,9,2025-12-12T13:30:18.898200,https://www.flashscore.com/football/saudi-arabia/division-1/
SAUDI ARABIA - DIVISION 1 - ROUND 11,15,Al Adalah,rTsOwLSH,3,6,10,-9,10,19,-9,6,2025-12-12T13:30:18.898200,https://www.flashscore.com/football/saudi-arabia/division-1/
SAUDI ARABIA - DIVISION 1 - ROUND 11,16,Al Wehda,fqHipWm7,3,6,12,-10,12,22,-10,6,2025-12-12T13:30:18.898200,https://www.flashscore.com/football/saudi-arabia/division-1/
SAUDI ARABIA - DIVISION 1 - ROUND 11,17,Al Batin,hnItl5OL,2,7,10,-9,10,19,-9,2,2025-12-12T13:30:18.898200,https://www.flashscore.com/football/saudi-arabia/division-1/
SAUDI ARABIA - DIVISION 1 - ROUND 11,18,Al Jubail,r1tdCVJC,3,-15,,,3,18,-15,2,2025-12-12T13:30:18.898200,https://www.flashscore.com/football/saudi-arabia/division-1/
BURKINA FASO - PREMIER LEAGUE - ROUND 13,1,Rahimo,EiRd35CK,5,0,18,13,18,5,13,26,2025-12-12T13:32:02.853392,https://www.flashscore.com/football/burkina-faso/premier-league/
BURKINA FASO - PREMIER LEAGUE - ROUND 13,2,Majestic,UZVjEcQa,4,3,12,2,12,10,2,22,2025-12-12T13:32:02.853392,https://www.flashscore.com/football/burkina-faso/premier-league/
BURKINA FASO - PREMIER LEAGUE - ROUND 13,3,ASF Dioulasso,fBqR7wGD,6,1,10,6,10,4,6,21,2025-12-12T13:32:02.853392,https://www.flashscore.com/football/burkina-faso/premier-league/
BURKINA FASO - PREMIER LEAGUE - ROUND 13,4,Sporting Cascades,vohISguL,6,1,9,6,9,3,6,21,2025-12-12T13:32:02.853392,https://www.flashscore.com/football/burkina-faso/premier-league/
BURKINA FASO - PREMIER LEAGUE - ROUND 13,5,ASFA Yennega,2ZTS8hZI,7,2,9,2,9,7,2,19,2025-12-12T13:32:02.853392,https://www.flashscore.com/football/burkina-faso/premier-league/
BURKINA FASO - PREMIER LEAGUE - ROUND 13,6,AS Douanes,ShQaQMYS,7,2,12,0,12,12,0,19,2025-12-12T13:32:02.853392,https://www.flashscore.com/football/burkina-faso/premier-league/
BURKINA FASO - PREMIER LEAGUE - ROUND 13,7,USFA,vumapfhE,3,3,11,5,11,6,5,18,2025-12-12T13:32:02.853392,https://www.flashscore.com/football/burkina-faso/premier-league/
BURKINA FASO - PREMIER LEAGUE - ROUND 13,8,Kadiogo,zsZ5MCvI,4,5,12,-1,12,13,-1,16,2025-12-12T13:32:02.853392,https://www.flashscore.com/football/burkina-faso/premier-league/
BURKINA FASO - PREMIER LEAGUE - ROUND 13,9,Salitas,t2Zj23Dg,6,3,10,-2,10,12,-2,15,2025-12-12T13:32:02.853392,https://www.flashscore.com/football/burkina-faso/premier-league/
BURKINA FASO - PREMIER LEAGUE - ROUND 13,10,CFFEB,IFePG7vQ,3,5,7,-1,7,8,-1,15,2025-12-12T13:32:02.853392,https://www.flashscore.com/football/burkina-faso/premier-league/
BURKINA FASO - PREMIER LEAGUE - ROUND 13,11,RDF,YaomitHM,5,4,11,1,11,10,1,14,2025-12-12T13:32:02.853392,https://www.flashscore.com/football/burkina-faso/premier-league/
BURKINA FASO - PREMIER LEAGUE - ROUND 13,12,Sonabel Ouagadougou,86IQ9fzF,5,5,7,-3,7,10,-3,11,2025-12-12T13:32:02.853392,https://www.flashscore.com/football/burkina-faso/premier-league/
BURKINA FASO - PREMIER LEAGUE - ROUND 13,13,Vitesse,bToK7sD7,5,6,8,-6,8,14,-6,11,2025-12-12T13:32:02.853392,https://www.flashscore.com/football/burkina-faso/premier-league/
BURKINA FASO - PREMIER LEAGUE - ROUND 13,14,AJEB,pjWljATh,4,6,8,-5,8,13,-5,10,2025-12-12T13:32:02.853392,https://www.flashscore.com/football/burkina-faso/premier-league/
BURKINA FASO - PREMIER LEAGUE - ROUND 13,15,Bobo-Dioulasso,tbHQUIAt,4,7,3,-8,3,11,-8,10,2025-12-12T13:32:02.853392,https://www.flashscore.com/football/burkina-faso/premier-league/
BURKINA FASO - PREMIER LEAGUE - ROUND 13,16,Etoile Filante,fRwo5x9g,6,6,7,-9,7,16,-9,9,2025-12-12T13:32:02.853392,https://www.flashscore.com/football/burkina-faso/premier-league/
ROMANIA - LIGA 2 - ROUND 17,1,Corvinul,6yaBf8yd,4,0,25,16,25,9,16,40,2025-12-12T13:32:04.084327,https://www.flashscore.com/football/romania/liga-2/
ROMANIA - LIGA 2 - ROUND 17,2,FC ASA Tg. Mures,Onwt0aWs,3,3,35,19,35,16,19,33,2025-12-12T13:32:04.084327,https://www.flashscore.com/football/romania/liga-2/
ROMANIA - LIGA 2 - ROUND 17,3,Sepsi Sf. Gheorghe,IDsPIcMA,3,3,22,8,22,14,8,33,2025-12-12T13:32:04.084327,https://www.flashscore.com/football/romania/liga-2/
ROMANIA - LIGA 2 - ROUND 17,4,FC Bihor,dn3EGkbF,2,4,33,16,33,17,16,32,2025-12-12T13:32:04.084327,https://www.flashscore.com/football/romania/liga-2/
ROMANIA - LIGA 2 - ROUND 17,5,Steaua Bucuresti,UBkj02Q9,3,4,29,8,29,21,8,30,2025-12-12T13:32:04.084327,https://www.flashscore.com/football/romania/liga-2/
ROMANIA - LIGA 2 - ROUND 17,6,FC Voluntari,WIoSeFi4,6,2,20,8,20,12,8,30,2025-12-12T13:32:04.084327,https://www.flashscore.com/football/romania/liga-2/
ROMANIA - LIGA 2 - ROUND 17,7,CSM Resita,bH2GTTSR,2,5,29,12,29,17,12,29,2025-12-12T13:32:04.084327,https://www.flashscore.com/football/romania/liga-2/
ROMANIA - LIGA 2 - ROUND 17,8,Metalul Buzau,QaAe21P0,2,5,28,12,28,16,12,29,2025-12-12T13:32:04.084327,https://www.flashscore.com/football/romania/liga-2/
ROMANIA - LIGA 2 - ROUND 17,9,Chindia Targoviste,nklx1aEq,3,5,28,13,28,15,13,27,2025-12-12T13:32:04.084327,https://www.flashscore.com/football/romania/liga-2/
ROMANIA - LIGA 2 - ROUND 17,10,Poli Iasi,t84qisiU,4,5,15,0,15,15,0,25,2025-12-12T13:32:04.084327,https://www.flashscore.com/football/romania/liga-2/
ROMANIA - LIGA 2 - ROUND 17,11,Concordia,prfxAf0i,3,6,24,9,24,15,9,24,2025-12-12T13:32:04.084327,https://www.flashscore.com/football/romania/liga-2/
ROMANIA - LIGA 2 - ROUND 17,12,Afumati,fLTNMJgt,3,6,24,3,24,21,3,24,2025-12-12T13:32:04.084327,https://www.flashscore.com/football/romania/liga-2/
ROMANIA - LIGA 2 - ROUND 17,13,FC Bacau,MDBRXZ3e,5,6,16,-5,16,21,-5,20,2025-12-12T13:32:04.084327,https://www.flashscore.com/football/romania/liga-2/
ROMANIA - LIGA 2 - ROUND 17,14,CSM Slatina,zRqy53ur,4,7,20,-1,20,21,-1,19,2025-12-12T13:32:04.084327,https://www.flashscore.com/football/romania/liga-2/
ROMANIA - LIGA 2 - ROUND 17,15,Ceahlaul,Mo4cCQMu,3,8,16,-11,16,27,-11,18,2025-12-12T13:32:04.084327,https://www.flashscore.com/football/romania/liga-2/
ROMANIA - LIGA 2 - ROUND 17,16,CSC Dumbravita,pO9aXHLu,3,9,20,-10,20,30,-10,15,2025-12-12T13:32:04.084327,https://www.flashscore.com/football/romania/liga-2/
ROMANIA - LIGA 2 - ROUND 17,17,Selimbar,Mq1GT90c,4,9,22,-3,22,25,-3,13,2025-12-12T13:32:04.084327,https://www.flashscore.com/football/romania/liga-2/
ROMANIA - LIGA 2 - ROUND 17,18,Gloria Bistrita,UcVDn3xt,4,9,19,-7,19,26,-7,13,2025-12-12T13:32:04.084327,https://www.flashscore.com/football/romania/liga-2/
ROMANIA - LIGA 2 - ROUND 17,19,CS Din. Bucuresti,ERxpxbrI,6,8,12,-14,12,26,-14,12,2025-12-12T13:32:04.084327,https://www.flashscore.com/football/romania/liga-2/
ROMANIA - LIGA 2 - ROUND 17,20,Campulung,MHezhveT,3,11,8,-31,8,39,-31,9,2025-12-12T13:32:04.084327,https://www.flashscore.com/football/romania/liga-2/
ROMANIA - LIGA 2 - ROUND 17,21,Tunari,MyOlgpLr,5,10,13,-17,13,30,-17,8,2025-12-12T13:32:04.084327,https://www.flashscore.com/football/romania/liga-2/
ROMANIA - LIGA 2 - ROUND 17,22,CSM Satu Mare,dlRFVRup,1,13,12,-25,12,37,-25,7,2025-12-12T13:32:04.084327,https://www.flashscore.com/football/romania/liga-2/
UKRAINE - PREMIER LEAGUE - ROUND 16,1,LNZ Cherkasy,2m6zvQp5,2,3,18,10,18,8,10,32,2025-12-12T13:34:37.093022,https://www.flashscore.com/football/ukraine/premier-league/
UKRAINE - PREMIER LEAGUE - ROUND 16,2,Shakhtar Donetsk,4ENWX2OA,5,1,37,25,37,12,25,32,2025-12-12T13:34:37.093022,https://www.flashscore.com/football/ukraine/premier-league/
UKRAINE - PREMIER LEAGUE - ROUND 16,3,Polissya Zhytomyr,f3sGNX3j,3,4,23,14,23,9,14,27,2025-12-12T13:34:37.093022,https://www.flashscore.com/football/ukraine/premier-league/
UKRAINE - PREMIER LEAGUE - ROUND 16,4,Kryvbas,2gUHsxs4,4,4,27,4,27,23,4,25,2025-12-12T13:34:37.093022,https://www.flashscore.com/football/ukraine/premier-league/
UKRAINE - PREMIER LEAGUE - ROUND 16,5,Kolos Kovalivka,OfzUZGy6,6,3,16,4,16,12,4,24,2025-12-12T13:34:37.093022,https://www.flashscore.com/football/ukraine/premier-league/
UKRAINE - PREMIER LEAGUE - ROUND 16,6,Dyn. Kyiv,nNpqXMwH,5,4,32,11,32,21,11,23,2025-12-12T13:34:37.093022,https://www.flashscore.com/football/ukraine/premier-league/
UKRAINE - PREMIER LEAGUE - ROUND 16,7,FK Zorya Luhansk,j9Wy32w4,5,4,19,3,19,16,3,23,2025-12-12T13:34:37.093022,https://www.flashscore.com/football/ukraine/premier-league/
UKRAINE - PREMIER LEAGUE - ROUND 16,8,Metalist 1925,W0X2VHyL,6,3,15,4,15,11,4,21,2025-12-12T13:34:37.093022,https://www.flashscore.com/football/ukraine/premier-league/
UKRAINE - PREMIER LEAGUE - ROUND 16,9,Karpaty Lviv,tCBNq3le,7,4,18,0,18,18,0,19,2025-12-12T13:34:37.093022,https://www.flashscore.com/football/ukraine/premier-league/
UKRAINE - PREMIER LEAGUE - ROUND 16,10,Veres-Rivne,Aahkn5KI,6,4,13,-1,13,14,-1,18,2025-12-12T13:34:37.093022,https://www.flashscore.com/football/ukraine/premier-league/
UKRAINE - PREMIER LEAGUE - ROUND 16,11,Obolon,bN0dYbAh,5,6,11,-13,11,24,-13,17,2025-12-12T13:34:37.093022,https://www.flashscore.com/football/ukraine/premier-league/
UKRAINE - PREMIER LEAGUE - ROUND 16,12,Rukh Lviv,pQAxlRVL,1,9,13,-9,13,22,-9,16,2025-12-12T13:34:37.093022,https://www.flashscore.com/football/ukraine/premier-league/
UKRAINE - PREMIER LEAGUE - ROUND 16,13,Kudrivka,nmVantfF,2,9,18,-11,18,29,-11,14,2025-12-12T13:34:37.093022,https://www.flashscore.com/football/ukraine/premier-league/
UKRAINE - PREMIER LEAGUE - ROUND 16,14,Epitsentr,fsn6KO1s,2,9,18,-4,18,22,-4,14,2025-12-12T13:34:37.093022,https://www.flashscore.com/football/ukraine/premier-league/
UKRAINE - PREMIER LEAGUE - ROUND 16,15,Oleksandriya,nHJnN4vh,4,9,13,-14,13,27,-14,10,2025-12-12T13:34:37.093022,https://www.flashscore.com/football/ukraine/premier-league/
UKRAINE - PREMIER LEAGUE - ROUND 16,16,SC Poltava,reGwCBEC,3,10,13,-23,13,36,-23,9,2025-12-12T13:34:37.093022,https://www.flashscore.com/football/ukraine/premier-league/
MALI - PREMIERE DIVISION - ROUND 4,1,Diarra,bkOKaPbt,0,0,3,3,3,0,3,9,2025-12-12T13:35:08.285857,https://www.flashscore.com/football/mali/premiere-division/
MALI - PREMIERE DIVISION - ROUND 4,2,Real Bamako,CCHpwr2G,1,0,4,3,4,1,3,7,2025-12-12T13:35:08.285857,https://www.flashscore.com/football/mali/premiere-division/
MALI - PREMIERE DIVISION - ROUND 4,3,USFAS Bamako,Y1KHxbeg,1,0,4,3,4,1,3,7,2025-12-12T13:35:08.285857,https://www.flashscore.com/football/mali/premiere-division/
MALI - PREMIERE DIVISION - ROUND 4,4,Binga,neuJuAnR,0,1,3,1,3,2,1,6,2025-12-12T13:35:08.285857,https://www.flashscore.com/football/mali/premiere-division/
MALI - PREMIERE DIVISION - ROUND 4,5,Bougouba,UZZqsih6,0,1,3,0,3,3,0,6,2025-12-12T13:35:08.285857,https://www.flashscore.com/football/mali/premiere-division/
MALI - PREMIERE DIVISION - ROUND 4,6,Korofina,MFbr986l,1,0,4,3,4,1,3,4,2025-12-12T13:35:08.285857,https://www.flashscore.com/football/mali/premiere-division/
MALI - PREMIERE DIVISION - ROUND 4,7,Bakaridjan,WAh8IGne,1,1,1,-1,1,2,-1,4,2025-12-12T13:35:08.285857,https://www.flashscore.com/football/mali/premiere-division/
MALI - PREMIERE DIVISION - ROUND 4,8,Djoliba,YBkx7bvs,0,1,3,2,3,1,2,3,2025-12-12T13:35:08.285857,https://www.flashscore.com/football/mali/premiere-division/
MALI - PREMIERE DIVISION - ROUND 4,9,Stade Malien,dCu6JsVb,2,0,1,0,1,1,0,2,2025-12-12T13:35:08.285857,https://www.flashscore.com/football/mali/premiere-division/
MALI - PREMIERE DIVISION - ROUND 4,10,Derby Academie,ETo42tph,1,1,0,-1,0,1,-1,1,2025-12-12T13:35:08.285857,https://www.flashscore.com/football/mali/premiere-division/
MALI - PREMIERE DIVISION - ROUND 4,11,Onze Createurs,zVdVFWb8,1,2,1,-2,1,3,-2,1,2025-12-12T13:35:08.285857,https://www.flashscore.com/football/mali/premiere-division/
MALI - PREMIERE DIVISION - ROUND 4,12,Mali Coura,rHH1XNBi,1,2,0,-2,0,2,-2,1,2025-12-12T13:35:08.285857,https://www.flashscore.com/football/mali/premiere-division/
MALI - PREMIERE DIVISION - ROUND 4,13,Foot Elite,IPwzmuAU,1,2,0,-5,0,5,-5,1,2025-12-12T13:35:08.285857,https://www.flashscore.com/football/mali/premiere-division/
MALI - PREMIERE DIVISION - ROUND 4,14,US Bougouni,WYMGVAMG,0,3,0,-4,0,4,-4,0,2025-12-12T13:35:08.285857,https://www.flashscore.com/football/mali/premiere-division/
NIGER - SUPER LIGUE - ROUND 9,1,Nigelec,UTQRuVAq,1,0,14,11,14,3,11,22,2025-12-12T13:35:16.108359,https://www.flashscore.com/football/niger/super-ligue/
NIGER - SUPER LIGUE - ROUND 9,2,US Gendarmerie,4OI9Vfj6,2,0,16,13,16,3,13,20,2025-12-12T13:35:16.108359,https://www.flashscore.com/football/niger/super-ligue/
NIGER - SUPER LIGUE - ROUND 9,3,ASFAN,KdDQmabI,3,0,9,8,9,1,8,18,2025-12-12T13:35:16.108359,https://www.flashscore.com/football/niger/super-ligue/
NIGER - SUPER LIGUE - ROUND 9,4,AS ZAM,jL9qWdNF,3,2,12,3,12,9,3,12,2025-12-12T13:35:16.108359,https://www.flashscore.com/football/niger/super-ligue/
NIGER - SUPER LIGUE - ROUND 9,5,Police,nZojyofR,0,4,11,3,11,8,3,12,2025-12-12T13:35:16.108359,https://www.flashscore.com/football/niger/super-ligue/
NIGER - SUPER LIGUE - ROUND 9,6,Tagour Provincial Club,Orb4azZ8,3,2,11,1,11,10,1,12,2025-12-12T13:35:16.108359,https://www.flashscore.com/football/niger/super-ligue/
NIGER - SUPER LIGUE - ROUND 9,7,ASGNN,QJK4WRtH,2,3,14,4,14,10,4,11,2025-12-12T13:35:16.108359,https://www.flashscore.com/football/niger/super-ligue/
NIGER - SUPER LIGUE - ROUND 9,8,Douanes Niamey,zofpZTdb,2,3,8,0,8,8,0,11,2025-12-12T13:35:16.108359,https://www.flashscore.com/football/niger/super-ligue/
NIGER - SUPER LIGUE - ROUND 9,9,Liberte,dIASd0zA,2,3,7,-7,7,14,-7,11,2025-12-12T13:35:16.108359,https://www.flashscore.com/football/niger/super-ligue/
NIGER - SUPER LIGUE - ROUND 9,10,Espoir,8bhhX7RA,1,4,5,-6,5,11,-6,10,2025-12-12T13:35:16.108359,https://www.flashscore.com/football/niger/super-ligue/
NIGER - SUPER LIGUE - ROUND 9,11,Urana,Qw7ITYKI,3,3,6,1,6,5,1,9,2025-12-12T13:35:16.108359,https://www.flashscore.com/football/niger/super-ligue/
NIGER - SUPER LIGUE - ROUND 9,12,Sahel,WKdnEd5s,2,4,5,-1,5,6,-1,8,2025-12-12T13:35:16.108359,https://www.flashscore.com/football/niger/super-ligue/
NIGER - SUPER LIGUE - ROUND 9,13,AS UAM,tM4Hgiw8,2,4,5,-2,5,7,-2,8,2025-12-12T13:35:16.108359,https://www.flashscore.com/football/niger/super-ligue/
NIGER - SUPER LIGUE - ROUND 9,14,Renaissance,hjxMLTIt,1,5,8,-6,8,14,-6,7,2025-12-12T13:35:16.108359,https://www.flashscore.com/football/niger/super-ligue/
NIGER - SUPER LIGUE - ROUND 9,15,Olympic Niamey,YZ1yozgK,3,4,5,-5,5,10,-5,6,2025-12-12T13:35:16.108359,https://www.flashscore.com/football/niger/super-ligue/
NIGER - SUPER LIGUE - ROUND 9,16,Tahoua,Mawqn4bt,0,8,3,-17,3,20,-17,0,2025-12-12T13:35:16.108359,https://www.flashscore.com/football/niger/super-ligue/
AUSTRIA - 2. LIGA - ROUND 17,1,St. Polten,8KA7Qw1U,2,3,28,13,28,15,13,32,2025-12-12T13:47:26.855530,https://www.flashscore.com/football/austria/2-liga/
AUSTRIA - 2. LIGA - ROUND 17,2,Admira,Yk4H6LHn,7,0,36,23,36,13,23,31,2025-12-12T13:47:26.855530,https://www.flashscore.com/football/austria/2-liga/
AUSTRIA - 2. LIGA - ROUND 17,3,Amstetten,YHWHwmRf,7,1,26,12,26,14,12,28,2025-12-12T13:47:26.855530,https://www.flashscore.com/football/austria/2-liga/
AUSTRIA - 2. LIGA - ROUND 17,4,Floridsdorfer AC,r9HwRaWH,4,3,23,13,23,10,13,28,2025-12-12T13:47:26.855530,https://www.flashscore.com/football/austria/2-liga/
AUSTRIA - 2. LIGA - ROUND 17,5,A. Lustenau,655zEcZJ,4,3,20,8,20,12,8,28,2025-12-12T13:47:26.855530,https://www.flashscore.com/football/austria/2-liga/
AUSTRIA - 2. LIGA - ROUND 17,6,Austria Vienna (Am),C4FBQHlQ,3,6,18,-4,18,22,-4,21,2025-12-12T13:47:26.855530,https://www.flashscore.com/football/austria/2-liga/
AUSTRIA - 2. LIGA - ROUND 17,7,Liefering,Cv27lapN,7,4,23,-3,23,26,-3,19,2025-12-12T13:47:26.855530,https://www.flashscore.com/football/austria/2-liga/
AUSTRIA - 2. LIGA - ROUND 17,8,A. Salzburg,jVlL3vb5,3,7,21,-6,21,27,-6,18,2025-12-12T13:47:26.855530,https://www.flashscore.com/football/austria/2-liga/
AUSTRIA - 2. LIGA - ROUND 17,9,First Vienna,Eez3RKEM,4,6,16,-1,16,17,-1,16,2025-12-12T13:47:26.855530,https://www.flashscore.com/football/austria/2-liga/
AUSTRIA - 2. LIGA - ROUND 17,10,SK Rapid II,Yuu4T0aG,4,7,18,-7,18,25,-7,16,2025-12-12T13:47:26.855530,https://www.flashscore.com/football/austria/2-liga/
AUSTRIA - 2. LIGA - ROUND 17,11,A. Klagenfurt,hIayizS6,3,7,17,-5,17,22,-5,15,2025-12-12T13:47:26.855530,https://www.flashscore.com/football/austria/2-liga/
AUSTRIA - 2. LIGA - ROUND 17,12,Kapfenberg,SUpSZy5K,2,9,19,-14,19,33,-14,14,2025-12-12T13:47:26.855530,https://www.flashscore.com/football/austria/2-liga/
AUSTRIA - 2. LIGA - ROUND 17,13,Hertha Wels,6i1ocvXH,4,8,15,-8,15,23,-8,13,2025-12-12T13:47:26.855530,https://www.flashscore.com/football/austria/2-liga/
AUSTRIA - 2. LIGA - ROUND 17,14,Sturm Graz II,8IZ6QvUS,5,8,15,-13,15,28,-13,11,2025-12-12T13:47:26.855530,https://www.flashscore.com/football/austria/2-liga/
AUSTRIA - 2. LIGA - ROUND 17,15,Bregenz,fmD86L0H,7,7,18,-8,18,26,-8,7,2025-12-12T13:47:26.855530,https://www.flashscore.com/football/austria/2-liga/
AUSTRIA - 2. LIGA - ROUND 17,16,Stripfing,dOdvIwtg,0,0,0,0,0,0,0,0,2025-12-12T13:47:26.855530,https://www.flashscore.com/football/austria/2-liga/
UGANDA - PREMIER LEAGUE - ROUND 10,1,Kampala City,fwjo7kpb,2,1,14,6,14,8,6,20,2025-12-12T13:53:22.614378,https://www.flashscore.com/football/uganda/premier-league/
UGANDA - PREMIER LEAGUE - ROUND 10,2,Villa,ALztxK6e,2,2,15,8,15,7,8,20,2025-12-12T13:53:22.614378,https://www.flashscore.com/football/uganda/premier-league/
UGANDA - PREMIER LEAGUE - ROUND 10,3,Vipers,naKVehgj,3,0,14,10,14,4,10,18,2025-12-12T13:53:22.614378,https://www.flashscore.com/football/uganda/premier-league/
UGANDA - PREMIER LEAGUE - ROUND 10,4,Police,O6V1NhPB,3,2,18,7,18,11,7,18,2025-12-12T13:53:22.614378,https://www.flashscore.com/football/uganda/premier-league/
UGANDA - PREMIER LEAGUE - ROUND 10,5,Entebbe UPPC,UPwapTb8,2,3,13,4,13,9,4,17,2025-12-12T13:53:22.614378,https://www.flashscore.com/football/uganda/premier-league/
UGANDA - PREMIER LEAGUE - ROUND 10,6,Kitara,W0aMZOUR,1,2,12,6,12,6,6,16,2025-12-12T13:53:22.614378,https://www.flashscore.com/football/uganda/premier-league/
UGANDA - PREMIER LEAGUE - ROUND 10,7,Maroons,hj8xMlGq,3,3,9,2,9,7,2,12,2025-12-12T13:53:22.614378,https://www.flashscore.com/football/uganda/premier-league/
UGANDA - PREMIER LEAGUE - ROUND 10,8,Express,dM8vDNti,3,4,11,1,11,10,1,12,2025-12-12T13:53:22.614378,https://www.flashscore.com/football/uganda/premier-league/
UGANDA - PREMIER LEAGUE - ROUND 10,9,URA SC,IPUH0qvc,5,3,13,0,13,13,0,11,2025-12-12T13:53:22.614378,https://www.flashscore.com/football/uganda/premier-league/
UGANDA - PREMIER LEAGUE - ROUND 10,10,NEC FC,vXYNKJKR,5,2,9,0,9,9,0,11,2025-12-12T13:53:22.614378,https://www.flashscore.com/football/uganda/premier-league/
UGANDA - PREMIER LEAGUE - ROUND 10,11,UPDF,CCz5vQDb,1,6,11,-5,11,16,-5,10,2025-12-12T13:53:22.614378,https://www.flashscore.com/football/uganda/premier-league/
UGANDA - PREMIER LEAGUE - ROUND 10,12,BUL,612q3z1G,4,3,7,0,7,7,0,10,2025-12-12T13:53:22.614378,https://www.flashscore.com/football/uganda/premier-league/
UGANDA - PREMIER LEAGUE - ROUND 10,13,Lugazi,ziQnnPsF,4,4,10,-5,10,15,-5,10,2025-12-12T13:53:22.614378,https://www.flashscore.com/football/uganda/premier-league/
UGANDA - PREMIER LEAGUE - ROUND 10,14,Buhimba,neJtB1pJ,1,6,12,-14,12,26,-14,10,2025-12-12T13:53:22.614378,https://www.flashscore.com/football/uganda/premier-league/
UGANDA - PREMIER LEAGUE - ROUND 10,15,Mbarara City,lba9cS49,3,5,9,-6,9,15,-6,6,2025-12-12T13:53:22.614378,https://www.flashscore.com/football/uganda/premier-league/
UGANDA - PREMIER LEAGUE - ROUND 10,16,Calvary,SzQhQsLe,2,7,5,-14,5,19,-14,2,2025-12-12T13:53:22.614378,https://www.flashscore.com/football/uganda/premier-league/
GERMANY - BUNDESLIGA WOMEN - ROUND 13,1,Bayern Munich W,vkjy3nF9,1,0,45,41,45,4,41,34,2025-12-12T13:55:52.803422,https://www.flashscore.com/football/germany/bundesliga-women/
GERMANY - BUNDESLIGA WOMEN - ROUND 13,2,Wolfsburg W,Yaedf2i2,1,2,40,22,40,18,22,28,2025-12-12T13:55:52.803422,https://www.flashscore.com/football/germany/bundesliga-women/
GERMANY - BUNDESLIGA WOMEN - ROUND 13,3,Werder Bremen W,vyDE3LZH,2,3,21,4,21,17,4,23,2025-12-12T13:55:52.803422,https://www.flashscore.com/football/germany/bundesliga-women/
GERMANY - BUNDESLIGA WOMEN - ROUND 13,4,Bayer Leverkusen W,hjuyw2Kb,1,4,21,1,21,20,1,22,2025-12-12T13:55:52.803422,https://www.flashscore.com/football/germany/bundesliga-women/
GERMANY - BUNDESLIGA WOMEN - ROUND 13,5,Hoffenheim W,vkQQP5Rf,1,5,21,5,21,16,5,19,2025-12-12T13:55:52.803422,https://www.flashscore.com/football/germany/bundesliga-women/
GERMANY - BUNDESLIGA WOMEN - ROUND 13,6,Eintracht Frankfurt W,C6sxeOzB,1,5,28,3,28,25,3,19,2025-12-12T13:55:52.803422,https://www.flashscore.com/football/germany/bundesliga-women/
GERMANY - BUNDESLIGA WOMEN - ROUND 13,7,Freiburg W,UNGe0paS,1,5,25,3,25,22,3,19,2025-12-12T13:55:52.803422,https://www.flashscore.com/football/germany/bundesliga-women/
GERMANY - BUNDESLIGA WOMEN - ROUND 13,8,Koln W,OAHe2v6S,3,4,18,1,18,17,1,18,2025-12-12T13:55:52.803422,https://www.flashscore.com/football/germany/bundesliga-women/
GERMANY - BUNDESLIGA WOMEN - ROUND 13,9,1.FC Nurnberg W,bRnTlGdH,3,5,17,-10,17,27,-10,15,2025-12-12T13:55:52.803422,https://www.flashscore.com/football/germany/bundesliga-women/
GERMANY - BUNDESLIGA WOMEN - ROUND 13,10,RB Leipzig W,nkmFAG4Q,1,7,18,-7,18,25,-7,13,2025-12-12T13:55:52.803422,https://www.flashscore.com/football/germany/bundesliga-women/
GERMANY - BUNDESLIGA WOMEN - ROUND 13,11,Union Berlin W,0CApK8nk,2,7,15,-10,15,25,-10,11,2025-12-12T13:55:52.803422,https://www.flashscore.com/football/germany/bundesliga-women/
GERMANY - BUNDESLIGA WOMEN - ROUND 13,12,SGS Essen W,nFgq1QqM,2,8,9,-19,9,28,-19,8,2025-12-12T13:55:52.803422,https://www.flashscore.com/football/germany/bundesliga-women/
GERMANY - BUNDESLIGA WOMEN - ROUND 13,13,Hamburger SV W,2HMMF0Ll,4,7,12,-17,12,29,-17,7,2025-12-12T13:55:52.803422,https://www.flashscore.com/football/germany/bundesliga-women/
GERMANY - BUNDESLIGA WOMEN - ROUND 13,14,Jena W,E9mqMJVK,3,9,10,-17,10,27,-17,3,2025-12-12T13:55:52.803422,https://www.flashscore.com/football/germany/bundesliga-women/
MALTA - PREMIER LEAGUE - FIRST STAGE - PLAY OUT - ROUND 13,7,Gzira,vNKKFgsl,4,4,18,-1,18,19,-1,19,2025-12-12T13:57:07.028482,https://www.flashscore.com/football/malta/premier-league/
MALTA - PREMIER LEAGUE - FIRST STAGE - PLAY OUT - ROUND 13,8,Hibernians,hWUCnRM1,4,4,21,2,21,19,2,16,2025-12-12T13:57:07.028482,https://www.flashscore.com/football/malta/premier-league/
MALTA - PREMIER LEAGUE - FIRST STAGE - PLAY OUT - ROUND 13,9,Zabbar,MZkrZYmQ,5,5,13,-3,13,16,-3,11,2025-12-12T13:57:07.028482,https://www.flashscore.com/football/malta/premier-league/
MALTA - PREMIER LEAGUE - FIRST STAGE - PLAY OUT - ROUND 13,10,Mosta,htCyNMwL,2,7,13,-7,13,20,-7,11,2025-12-12T13:57:07.028482,https://www.flashscore.com/football/malta/premier-league/
MALTA - PREMIER LEAGUE - FIRST STAGE - PLAY OUT - ROUND 13,11,Naxxar,SItGFa63,3,9,12,-10,12,22,-10,6,2025-12-12T13:57:07.028482,https://www.flashscore.com/football/malta/premier-league/
MALTA - PREMIER LEAGUE - FIRST STAGE - PLAY OUT - ROUND 13,12,Tarxien,I5Y7y9fg,3,8,10,-13,10,23,-13,6,2025-12-12T13:57:07.028482,https://www.flashscore.com/football/malta/premier-league/
SPAIN - PRIMERA RFEF - GROUP 2 - ROUND 16,1,Atl. Madrid B,beO74ziJ,3,3,24,13,24,11,13,30,2025-12-12T14:04:18.330643,https://www.flashscore.com/football/spain/primera-rfef-group-2/
SPAIN - PRIMERA RFEF - GROUP 2 - ROUND 16,2,Sabadell,lnS2YNhJ,8,1,14,7,14,7,7,26,2025-12-12T14:04:18.330643,https://www.flashscore.com/football/spain/primera-rfef-group-2/
SPAIN - PRIMERA RFEF - GROUP 2 - ROUND 16,3,CE Europa,UkEeaAlL,5,3,20,6,20,14,6,26,2025-12-12T14:04:18.330643,https://www.flashscore.com/football/spain/primera-rfef-group-2/
SPAIN - PRIMERA RFEF - GROUP 2 - ROUND 16,4,Murcia,YqQG18wC,5,4,16,2,16,14,2,23,2025-12-12T14:04:18.330643,https://www.flashscore.com/football/spain/primera-rfef-group-2/
SPAIN - PRIMERA RFEF - GROUP 2 - ROUND 16,5,FC Cartagena SAD,IJyXDZ6C,5,4,13,1,13,12,1,23,2025-12-12T14:04:18.330643,https://www.flashscore.com/football/spain/primera-rfef-group-2/
SPAIN - PRIMERA RFEF - GROUP 2 - ROUND 16,6,Teruel,MTXvQWhD,5,4,12,0,12,12,0,23,2025-12-12T14:04:18.330643,https://www.flashscore.com/football/spain/primera-rfef-group-2/
SPAIN - PRIMERA RFEF - GROUP 2 - ROUND 16,7,Gimnastic,WSv960Hk,4,5,20,0,20,20,0,22,2025-12-12T14:04:18.330643,https://www.flashscore.com/football/spain/primera-rfef-group-2/
SPAIN - PRIMERA RFEF - GROUP 2 - ROUND 16,8,Hercules,EgDgrOO2,3,6,17,1,17,16,1,21,2025-12-12T14:04:18.330643,https://www.flashscore.com/football/spain/primera-rfef-group-2/
SPAIN - PRIMERA RFEF - GROUP 2 - ROUND 16,9,Algeciras,lSHMFchs,3,6,16,-1,16,17,-1,21,2025-12-12T14:04:18.330643,https://www.flashscore.com/football/spain/primera-rfef-group-2/
SPAIN - PRIMERA RFEF - GROUP 2 - ROUND 16,10,Eldense,8WUSyF3F,8,3,16,-1,16,17,-1,20,2025-12-12T14:04:18.330643,https://www.flashscore.com/football/spain/primera-rfef-group-2/
SPAIN - PRIMERA RFEF - GROUP 2 - ROUND 16,11,Alcorcon,0ranWp9D,5,5,12,-2,12,14,-2,20,2025-12-12T14:04:18.330643,https://www.flashscore.com/football/spain/primera-rfef-group-2/
SPAIN - PRIMERA RFEF - GROUP 2 - ROUND 16,12,Villarreal B,YT0e2vMU,4,6,21,4,21,17,4,19,2025-12-12T14:04:18.330643,https://www.flashscore.com/football/spain/primera-rfef-group-2/
SPAIN - PRIMERA RFEF - GROUP 2 - ROUND 16,13,Antequera,UTX26rhg,7,4,17,2,17,15,2,19,2025-12-12T14:04:18.330643,https://www.flashscore.com/football/spain/primera-rfef-group-2/
SPAIN - PRIMERA RFEF - GROUP 2 - ROUND 16,14,Tarazona,t8OpHDUh,4,6,9,-3,9,12,-3,19,2025-12-12T14:04:18.330643,https://www.flashscore.com/football/spain/primera-rfef-group-2/
SPAIN - PRIMERA RFEF - GROUP 2 - ROUND 16,15,Torremolinos,AB8XRSBQ,6,5,18,-1,18,19,-1,18,2025-12-12T14:04:18.330643,https://www.flashscore.com/football/spain/primera-rfef-group-2/
SPAIN - PRIMERA RFEF - GROUP 2 - ROUND 16,16,UD Ibiza,rNW6jqw0,6,5,12,-3,12,15,-3,18,2025-12-12T14:04:18.330643,https://www.flashscore.com/football/spain/primera-rfef-group-2/
SPAIN - PRIMERA RFEF - GROUP 2 - ROUND 16,17,Sevilla FC B,dY03Jvn2,6,6,10,-2,10,12,-2,15,2025-12-12T14:04:18.330643,https://www.flashscore.com/football/spain/primera-rfef-group-2/
SPAIN - PRIMERA RFEF - GROUP 2 - ROUND 16,18,Marbella,fw2i3K6O,5,7,9,-5,9,14,-5,14,2025-12-12T14:04:18.330643,https://www.flashscore.com/football/spain/primera-rfef-group-2/
SPAIN - PRIMERA RFEF - GROUP 2 - ROUND 16,19,Sanluqueno,r1N5s49f,5,7,13,-6,13,19,-6,14,2025-12-12T14:04:18.330643,https://www.flashscore.com/football/spain/primera-rfef-group-2/
SPAIN - PRIMERA RFEF - GROUP 2 - ROUND 16,20,Betis B,GzVElN7C,5,9,9,-12,9,21,-12,8,2025-12-12T14:04:18.330643,https://www.flashscore.com/football/spain/primera-rfef-group-2/
PORTUGAL - LIGA PORTUGAL 2 - ROUND 14,1,Maritimo,noguvetP,2,3,19,10,19,9,10,29,2025-12-12T14:04:20.683425,https://www.flashscore.com/football/portugal/liga-portugal-2/
PORTUGAL - LIGA PORTUGAL 2 - ROUND 14,2,Sporting CP B,KKfzlNbq,2,2,24,17,24,7,17,29,2025-12-12T14:04:20.683425,https://www.flashscore.com/football/portugal/liga-portugal-2/
PORTUGAL - LIGA PORTUGAL 2 - ROUND 14,3,Chaves,vsToxqA5,5,3,16,7,16,9,7,23,2025-12-12T14:04:20.683425,https://www.flashscore.com/football/portugal/liga-portugal-2/
PORTUGAL - LIGA PORTUGAL 2 - ROUND 14,4,Academico Viseu,GrRgeTHo,4,3,25,9,25,16,9,22,2025-12-12T14:04:20.683425,https://www.flashscore.com/football/portugal/liga-portugal-2/
PORTUGAL - LIGA PORTUGAL 2 - ROUND 14,5,Vizela,baN9J93D,5,3,18,4,18,14,4,20,2025-12-12T14:04:20.683425,https://www.flashscore.com/football/portugal/liga-portugal-2/
PORTUGAL - LIGA PORTUGAL 2 - ROUND 14,6,Torreense,8jQErKhN,2,5,17,2,17,15,2,20,2025-12-12T14:04:20.683425,https://www.flashscore.com/football/portugal/liga-portugal-2/
PORTUGAL - LIGA PORTUGAL 2 - ROUND 14,7,Leiria,AceEgPi5,5,3,16,2,16,14,2,20,2025-12-12T14:04:20.683425,https://www.flashscore.com/football/portugal/liga-portugal-2/
PORTUGAL - LIGA PORTUGAL 2 - ROUND 14,8,SC Farense,0YgpqHGj,4,4,15,-1,15,16,-1,19,2025-12-12T14:04:20.683425,https://www.flashscore.com/football/portugal/liga-portugal-2/
PORTUGAL - LIGA PORTUGAL 2 - ROUND 14,9,Lusitania FC,thZLLx6g,5,4,17,-4,17,21,-4,17,2025-12-12T14:04:20.683425,https://www.flashscore.com/football/portugal/liga-portugal-2/
PORTUGAL - LIGA PORTUGAL 2 - ROUND 14,10,Penafiel,lGALDDtR,4,6,14,-1,14,15,-1,16,2025-12-12T14:04:20.683425,https://www.flashscore.com/football/portugal/liga-portugal-2/
PORTUGAL - LIGA PORTUGAL 2 - ROUND 14,11,Oliveirense,tA7VEKwU,6,4,12,-2,12,14,-2,15,2025-12-12T14:04:20.683425,https://www.flashscore.com/football/portugal/liga-portugal-2/
PORTUGAL - LIGA PORTUGAL 2 - ROUND 14,12,Benfica B,Spbrn1Te,5,5,20,-1,20,21,-1,14,2025-12-12T14:04:20.683425,https://www.flashscore.com/football/portugal/liga-portugal-2/
PORTUGAL - LIGA PORTUGAL 2 - ROUND 14,13,FC Porto B,vNt65kUG,2,7,13,-7,13,20,-7,14,2025-12-12T14:04:20.683425,https://www.flashscore.com/football/portugal/liga-portugal-2/
PORTUGAL - LIGA PORTUGAL 2 - ROUND 14,14,Feirense,t4p0iC41,5,5,13,-1,13,14,-1,14,2025-12-12T14:04:20.683425,https://www.flashscore.com/football/portugal/liga-portugal-2/
PORTUGAL - LIGA PORTUGAL 2 - ROUND 14,15,Leixoes,jPr7ndS8,1,9,15,-14,15,29,-14,13,2025-12-12T14:04:20.683425,https://www.flashscore.com/football/portugal/liga-portugal-2/
PORTUGAL - LIGA PORTUGAL 2 - ROUND 14,16,Felgueiras,8AHslu7F,4,6,13,-7,13,20,-7,13,2025-12-12T14:04:20.683425,https://www.flashscore.com/football/portugal/liga-portugal-2/
PORTUGAL - LIGA PORTUGAL 2 - ROUND 14,17,Pacos Ferreira,hxT1f5xa,6,5,14,-4,14,18,-4,12,2025-12-12T14:04:20.683425,https://www.flashscore.com/football/portugal/liga-portugal-2/
PORTUGAL - LIGA PORTUGAL 2 - ROUND 14,18,Portimonense,6ecm9Xlr,3,7,15,-9,15,24,-9,12,2025-12-12T14:04:20.683425,https://www.flashscore.com/football/portugal/liga-portugal-2/
ROMANIA - SUPERLIGA - ROUND 20,1,FC Rapid Bucuresti,YFCpigVG,6,2,33,17,33,16,17,39,2025-12-12T15:11:13.806006,https://www.flashscore.com/football/romania/superliga/
ROMANIA - SUPERLIGA - ROUND 20,2,FC Botosani,GjY1JjUS,7,2,30,16,30,14,16,37,2025-12-12T15:11:13.806006,https://www.flashscore.com/football/romania/superliga/
ROMANIA - SUPERLIGA - ROUND 20,3,Din. Bucuresti,rBgMi3MH,8,2,28,12,28,16,12,35,2025-12-12T15:11:13.806006,https://www.flashscore.com/football/romania/superliga/
ROMANIA - SUPERLIGA - ROUND 20,4,Univ. Craiova,bsd9fGaK,7,3,30,10,30,20,10,34,2025-12-12T15:11:13.806006,https://www.flashscore.com/football/romania/superliga/
ROMANIA - SUPERLIGA - ROUND 20,5,FC Arges,65I2MLv6,3,6,26,7,26,19,7,33,2025-12-12T15:11:13.806006,https://www.flashscore.com/football/romania/superliga/
ROMANIA - SUPERLIGA - ROUND 20,6,UTA Arad,QDiPqBNj,7,5,23,-5,23,28,-5,28,2025-12-12T15:11:13.806006,https://www.flashscore.com/football/romania/superliga/
ROMANIA - SUPERLIGA - ROUND 20,7,Otelul,2H5uhNyO,6,6,28,11,28,17,11,27,2025-12-12T15:11:13.806006,https://www.flashscore.com/football/romania/superliga/
ROMANIA - SUPERLIGA - ROUND 20,8,U. Cluj,Us6gkXaT,6,6,24,5,24,19,5,27,2025-12-12T15:11:13.806006,https://www.flashscore.com/football/romania/superliga/
ROMANIA - SUPERLIGA - ROUND 20,9,Farul Constanta,CrJbN1Pa,5,7,25,2,25,23,2,26,2025-12-12T15:11:13.806006,https://www.flashscore.com/football/romania/superliga/
ROMANIA - SUPERLIGA - ROUND 20,10,FCSB,Gv2kjDpN,7,6,27,2,27,25,2,25,2025-12-12T15:11:13.806006,https://www.flashscore.com/football/romania/superliga/
ROMANIA - SUPERLIGA - ROUND 20,11,CFR Cluj,4KfIhq7B,8,7,25,-7,25,32,-7,20,2025-12-12T15:11:13.806006,https://www.flashscore.com/football/romania/superliga/
ROMANIA - SUPERLIGA - ROUND 20,12,Petrolul,dhnNlCE9,7,8,15,-3,15,18,-3,19,2025-12-12T15:11:13.806006,https://www.flashscore.com/football/romania/superliga/
ROMANIA - SUPERLIGA - ROUND 20,13,Unirea Slobozia,6XmrBYL3,3,11,18,-9,18,27,-9,18,2025-12-12T15:11:13.806006,https://www.flashscore.com/football/romania/superliga/
ROMANIA - SUPERLIGA - ROUND 20,14,Csikszereda M. Ciuc,A5gTQ7pG,7,9,20,-20,20,40,-20,16,2025-12-12T15:11:13.806006,https://www.flashscore.com/football/romania/superliga/
ROMANIA - SUPERLIGA - ROUND 20,15,FC Hermannstadt,pUUuFXvI,6,11,16,-16,16,32,-16,12,2025-12-12T15:11:13.806006,https://www.flashscore.com/football/romania/superliga/
ROMANIA - SUPERLIGA - ROUND 20,16,Metaloglobus Bucharest,0zf4F2nD,5,12,17,-22,17,39,-22,11,2025-12-12T15:11:13.806006,https://www.flashscore.com/football/romania/superliga/
BELGIUM - CHALLENGER PRO LEAGUE - ROUND 17,1,Beveren,QaqfE8WE,3,0,30,21,30,9,21,39,2025-12-12T15:13:03.322665,https://www.flashscore.com/football/belgium/challenger-pro-league/
BELGIUM - CHALLENGER PRO LEAGUE - ROUND 17,2,Kortrijk,2o6njvyG,2,2,29,14,29,15,14,35,2025-12-12T15:13:03.322665,https://www.flashscore.com/football/belgium/challenger-pro-league/
BELGIUM - CHALLENGER PRO LEAGUE - ROUND 17,3,Beerschot VA,EaOtKH1f,3,2,25,13,25,12,13,33,2025-12-12T15:13:03.322665,https://www.flashscore.com/football/belgium/challenger-pro-league/
BELGIUM - CHALLENGER PRO LEAGUE - ROUND 17,4,RFC Liege,llsHlZZh,2,6,22,3,22,19,3,26,2025-12-12T15:13:03.322665,https://www.flashscore.com/football/belgium/challenger-pro-league/
BELGIUM - CHALLENGER PRO LEAGUE - ROUND 17,5,Patro Eisden,nPGA80Sn,4,4,18,3,18,15,3,25,2025-12-12T15:13:03.322665,https://www.flashscore.com/football/belgium/challenger-pro-league/
BELGIUM - CHALLENGER PRO LEAGUE - ROUND 17,6,Lommel SK,8EyXqyoo,5,4,30,6,30,24,6,23,2025-12-12T15:13:03.322665,https://www.flashscore.com/football/belgium/challenger-pro-league/
BELGIUM - CHALLENGER PRO LEAGUE - ROUND 17,7,Eupen,roazgtic,5,4,21,5,21,16,5,23,2025-12-12T15:13:03.322665,https://www.flashscore.com/football/belgium/challenger-pro-league/
BELGIUM - CHALLENGER PRO LEAGUE - ROUND 17,8,Sporting Lokeren,dvKQ8GzO,4,6,21,-1,21,22,-1,19,2025-12-12T15:13:03.322665,https://www.flashscore.com/football/belgium/challenger-pro-league/
BELGIUM - CHALLENGER PRO LEAGUE - ROUND 17,9,K. Lierse S.K.,UFrQHnFi,4,6,16,-2,16,18,-2,19,2025-12-12T15:13:03.322665,https://www.flashscore.com/football/belgium/challenger-pro-league/
BELGIUM - CHALLENGER PRO LEAGUE - ROUND 17,10,Gent U23,6qX8q0TR,3,7,19,0,19,19,0,18,2025-12-12T15:13:03.322665,https://www.flashscore.com/football/belgium/challenger-pro-league/
BELGIUM - CHALLENGER PRO LEAGUE - ROUND 17,11,RWDM Brussels,2eOrQDea,4,7,26,1,26,25,1,16,2025-12-12T15:13:03.322665,https://www.flashscore.com/football/belgium/challenger-pro-league/
BELGIUM - CHALLENGER PRO LEAGUE - ROUND 17,12,Francs Borains,dzxbDoFi,5,6,17,-4,17,21,-4,16,2025-12-12T15:13:03.322665,https://www.flashscore.com/football/belgium/challenger-pro-league/
BELGIUM - CHALLENGER PRO LEAGUE - ROUND 17,13,Genk U23,x2i5p4w3,3,8,18,-11,18,29,-11,15,2025-12-12T15:13:03.322665,https://www.flashscore.com/football/belgium/challenger-pro-league/
BELGIUM - CHALLENGER PRO LEAGUE - ROUND 17,14,Anderlecht U23,KQtAqOh9,7,6,19,-5,19,24,-5,13,2025-12-12T15:13:03.322665,https://www.flashscore.com/football/belgium/challenger-pro-league/
BELGIUM - CHALLENGER PRO LEAGUE - ROUND 17,15,Seraing,69jQvOhE,6,7,14,-10,14,24,-10,12,2025-12-12T15:13:03.322665,https://www.flashscore.com/football/belgium/challenger-pro-league/
BELGIUM - CHALLENGER PRO LEAGUE - ROUND 17,16,OC Charleroi,dz4pAvEq,4,9,10,-19,10,29,-19,10,2025-12-12T15:13:03.322665,https://www.flashscore.com/football/belgium/challenger-pro-league/
BELGIUM - CHALLENGER PRO LEAGUE - ROUND 17,17,Club Brugge KV U23,Sv4ZCy7s,4,10,14,-14,14,28,-14,7,2025-12-12T15:13:03.322665,https://www.flashscore.com/football/belgium/challenger-pro-league/
ENGLAND - PREMIER LEAGUE CUP,1,Swansea U21,I3v1lMJH,0,1,6,2,6,4,2,6,2025-12-12T15:15:34.610691,https://www.flashscore.com/football/england/premier-league-cup/
ENGLAND - PREMIER LEAGUE CUP,2,Nottingham U21,bmFCwchM,0,0,2,2,2,0,2,6,2025-12-12T15:15:34.610691,https://www.flashscore.com/football/england/premier-league-cup/
ENGLAND - PREMIER LEAGUE CUP,3,Wolves U21,6aLnhd7F,1,2,6,-2,6,8,-2,4,2025-12-12T15:15:34.610691,https://www.flashscore.com/football/england/premier-league-cup/
ENGLAND - PREMIER LEAGUE CUP,4,Millwall U21,6FRLlnfU,1,2,4,-2,4,6,-2,1,2025-12-12T15:15:34.610691,https://www.flashscore.com/football/england/premier-league-cup/
SWITZERLAND - CHALLENGE LEAGUE - ROUND 17,1,Vaduz,G6Ih9GOj,3,1,34,20,34,14,20,39,2025-12-12T15:18:29.344288,https://www.flashscore.com/football/switzerland/challenge-league/
SWITZERLAND - CHALLENGE LEAGUE - ROUND 17,2,Aarau,ULGuGvHA,0,3,31,13,31,18,13,39,2025-12-12T15:18:29.344288,https://www.flashscore.com/football/switzerland/challenge-league/
SWITZERLAND - CHALLENGE LEAGUE - ROUND 17,3,Yverdon,EmTlpboA,3,4,34,14,34,20,14,30,2025-12-12T15:18:29.344288,https://www.flashscore.com/football/switzerland/challenge-league/
SWITZERLAND - CHALLENGE LEAGUE - ROUND 17,4,Lausanne Ouchy,bLZ0mfR0,5,5,26,4,26,22,4,23,2025-12-12T15:18:29.344288,https://www.flashscore.com/football/switzerland/challenge-league/
SWITZERLAND - CHALLENGE LEAGUE - ROUND 17,5,Xamax,E5KUOFqd,3,7,24,0,24,24,0,21,2025-12-12T15:18:29.344288,https://www.flashscore.com/football/switzerland/challenge-league/
SWITZERLAND - CHALLENGE LEAGUE - ROUND 17,6,Rapperswil-Jona,I3q2AOtB,1,9,19,-3,19,22,-3,19,2025-12-12T15:18:29.344288,https://www.flashscore.com/football/switzerland/challenge-league/
SWITZERLAND - CHALLENGE LEAGUE - ROUND 17,7,Stade Nyonnais,QazpbJWT,5,7,19,-5,19,24,-5,17,2025-12-12T15:18:29.344288,https://www.flashscore.com/football/switzerland/challenge-league/
SWITZERLAND - CHALLENGE LEAGUE - ROUND 17,8,Etoile-Carouge,2yxbMEDr,4,9,12,-9,12,21,-9,13,2025-12-12T15:18:29.344288,https://www.flashscore.com/football/switzerland/challenge-league/
SWITZERLAND - CHALLENGE LEAGUE - ROUND 17,9,Wil,0ztGo01i,4,9,13,-15,13,28,-15,13,2025-12-12T15:18:29.344288,https://www.flashscore.com/football/switzerland/challenge-league/
SWITZERLAND - CHALLENGE LEAGUE - ROUND 17,10,Bellinzona,02GQPeUk,4,10,13,-19,13,32,-19,10,2025-12-12T15:18:29.344288,https://www.flashscore.com/football/switzerland/challenge-league/
FRANCE - LIGUE 2 - ROUND 17,1,Troyes,fsfAHubD,5,2,28,13,28,15,13,32,2025-12-12T15:20:36.742061,https://www.flashscore.com/football/france/ligue-2/
FRANCE - LIGUE 2 - ROUND 17,2,St Etienne,YL2QybFe,2,5,33,10,33,23,10,29,2025-12-12T15:20:36.742061,https://www.flashscore.com/football/france/ligue-2/
FRANCE - LIGUE 2 - ROUND 17,3,Reims,tItR6sEf,4,4,32,12,32,20,12,28,2025-12-12T15:20:36.742061,https://www.flashscore.com/football/france/ligue-2/
FRANCE - LIGUE 2 - ROUND 17,4,Red Star,2kM6ufaS,4,3,21,6,21,15,6,28,2025-12-12T15:20:36.742061,https://www.flashscore.com/football/france/ligue-2/
FRANCE - LIGUE 2 - ROUND 17,5,Le Mans,ER0NeOOp,6,3,20,4,20,16,4,27,2025-12-12T15:20:36.742061,https://www.flashscore.com/football/france/ligue-2/
FRANCE - LIGUE 2 - ROUND 17,6,Pau FC,6NOhR4cm,5,4,22,-1,22,23,-1,26,2025-12-12T15:20:36.742061,https://www.flashscore.com/football/france/ligue-2/
FRANCE - LIGUE 2 - ROUND 17,7,Dunkerque,tAAobNse,6,4,27,9,27,18,9,24,2025-12-12T15:20:36.742061,https://www.flashscore.com/football/france/ligue-2/
FRANCE - LIGUE 2 - ROUND 17,8,Montpellier,Eyf00syR,3,6,17,2,17,15,2,24,2025-12-12T15:20:36.742061,https://www.flashscore.com/football/france/ligue-2/
FRANCE - LIGUE 2 - ROUND 17,9,Guingamp,QDfKl36E,5,5,24,-4,24,28,-4,23,2025-12-12T15:20:36.742061,https://www.flashscore.com/football/france/ligue-2/
FRANCE - LIGUE 2 - ROUND 17,10,Annecy,25dB6Eto,4,6,20,4,20,16,4,22,2025-12-12T15:20:36.742061,https://www.flashscore.com/football/france/ligue-2/
FRANCE - LIGUE 2 - ROUND 17,11,Grenoble,UgPj1p1N,5,6,18,-2,18,20,-2,20,2025-12-12T15:20:36.742061,https://www.flashscore.com/football/france/ligue-2/
FRANCE - LIGUE 2 - ROUND 17,12,Clermont,IRuMRua1,7,5,16,-4,16,20,-4,19,2025-12-12T15:20:36.742061,https://www.flashscore.com/football/france/ligue-2/
FRANCE - LIGUE 2 - ROUND 17,13,Rodez,0pOdQOCg,6,6,16,-6,16,22,-6,18,2025-12-12T15:20:36.742061,https://www.flashscore.com/football/france/ligue-2/
FRANCE - LIGUE 2 - ROUND 17,14,Boulogne,IL4RHuFr,4,8,17,-7,17,24,-7,16,2025-12-12T15:20:36.742061,https://www.flashscore.com/football/france/ligue-2/
FRANCE - LIGUE 2 - ROUND 17,15,Amiens,lKkBAsxF,3,9,19,-6,19,25,-6,15,2025-12-12T15:20:36.742061,https://www.flashscore.com/football/france/ligue-2/
FRANCE - LIGUE 2 - ROUND 17,16,Laval,E1wDrLsJ,6,7,12,-8,12,20,-8,15,2025-12-12T15:20:36.742061,https://www.flashscore.com/football/france/ligue-2/
FRANCE - LIGUE 2 - ROUND 17,17,Nancy,dnIrsS0A,3,9,14,-8,14,22,-8,15,2025-12-12T15:20:36.742061,https://www.flashscore.com/football/france/ligue-2/
FRANCE - LIGUE 2 - ROUND 17,18,Bastia,AZwK8L6R,4,10,6,-14,6,20,-14,7,2025-12-12T15:20:36.742061,https://www.flashscore.com/football/france/ligue-2/
FRANCE - NATIONAL - ROUND 16,1,Dijon,dIvQQaE7,5,1,24,15,24,9,15,29,2025-12-12T15:21:11.900964,https://www.flashscore.com/football/france/national/
FRANCE - NATIONAL - ROUND 16,2,Rouen,z5PJrrtm,5,1,21,12,21,9,12,29,2025-12-12T15:21:11.900964,https://www.flashscore.com/football/france/national/
FRANCE - NATIONAL - ROUND 16,3,Sochaux,jPojkLXK,3,4,21,11,21,10,11,24,2025-12-12T15:21:11.900964,https://www.flashscore.com/football/france/national/
FRANCE - NATIONAL - ROUND 16,4,Versailles,nDjHIbwL,3,4,18,4,18,14,4,24,2025-12-12T15:21:11.900964,https://www.flashscore.com/football/france/national/
FRANCE - NATIONAL - ROUND 16,5,Orleans,AqswAEFD,2,5,18,-5,18,23,-5,23,2025-12-12T15:21:11.900964,https://www.flashscore.com/football/france/national/
FRANCE - NATIONAL - ROUND 16,6,Aubagne,ry31K39D,6,3,20,2,20,18,2,21,2025-12-12T15:21:11.900964,https://www.flashscore.com/football/france/national/
FRANCE - NATIONAL - ROUND 16,7,Fleury-Merogis,IooxkpEI,6,3,15,6,15,9,6,21,2025-12-12T15:21:11.900964,https://www.flashscore.com/football/france/national/
FRANCE - NATIONAL - ROUND 16,8,Concarneau,Uo57pG95,6,3,15,1,15,14,1,21,2025-12-12T15:21:11.900964,https://www.flashscore.com/football/france/national/
FRANCE - NATIONAL - ROUND 16,9,Caen,GjLn2QoH,8,3,15,3,15,12,3,20,2025-12-12T15:21:11.900964,https://www.flashscore.com/football/france/national/
FRANCE - NATIONAL - ROUND 16,10,Le Puy-en-Velay,xnng4dGk,5,4,21,4,21,17,4,20,2025-12-12T15:21:11.900964,https://www.flashscore.com/football/france/national/
FRANCE - NATIONAL - ROUND 16,11,Paris 13 Atl.,WnjEIzRL,4,5,16,-2,16,18,-2,19,2025-12-12T15:21:11.900964,https://www.flashscore.com/football/france/national/
FRANCE - NATIONAL - ROUND 16,12,Chateauroux,jZ2ZFJqe,7,4,16,-2,16,18,-2,16,2025-12-12T15:21:11.900964,https://www.flashscore.com/football/france/national/
FRANCE - NATIONAL - ROUND 16,13,Valenciennes,O8dsB372,4,6,15,-3,15,18,-3,16,2025-12-12T15:21:11.900964,https://www.flashscore.com/football/france/national/
FRANCE - NATIONAL - ROUND 16,14,Villefranche,K6STnbAt,3,8,13,-9,13,22,-9,15,2025-12-12T15:21:11.900964,https://www.flashscore.com/football/france/national/
FRANCE - NATIONAL - ROUND 16,15,Quevilly Rouen,fPCzUHN1,3,9,13,-11,13,24,-11,9,2025-12-12T15:21:11.900964,https://www.flashscore.com/football/france/national/
FRANCE - NATIONAL - ROUND 16,16,Bourg en Bresse,Ict2iv2P,4,9,10,-12,10,22,-12,7,2025-12-12T15:21:11.900964,https://www.flashscore.com/football/france/national/
FRANCE - NATIONAL - ROUND 16,17,Stade Briochin,CQxeodfa,4,9,13,-14,13,27,-14,7,2025-12-12T15:21:11.900964,https://www.flashscore.com/football/france/national/
NETHERLANDS - EERSTE DIVISIE - ROUND 20,1,Den Haag,lAgLCkT3,1,1,51,35,51,16,35,49,2025-12-12T15:29:32.575624,https://www.flashscore.com/football/netherlands/eerste-divisie/
NETHERLANDS - EERSTE DIVISIE - ROUND 20,2,Cambuur,QRyYgO7J,5,2,41,19,41,22,19,41,2025-12-12T15:29:32.575624,https://www.flashscore.com/football/netherlands/eerste-divisie/
NETHERLANDS - EERSTE DIVISIE - ROUND 20,3,De Graafschap,naL1J006,4,5,37,9,37,28,9,34,2025-12-12T15:29:32.575624,https://www.flashscore.com/football/netherlands/eerste-divisie/
NETHERLANDS - EERSTE DIVISIE - ROUND 20,4,Jong PSV,8Au8eRom,4,6,37,2,37,35,2,31,2025-12-12T15:29:32.575624,https://www.flashscore.com/football/netherlands/eerste-divisie/
NETHERLANDS - EERSTE DIVISIE - ROUND 20,5,Den Bosch,4IzxgrNP,2,8,38,0,38,38,0,29,2025-12-12T15:29:32.575624,https://www.flashscore.com/football/netherlands/eerste-divisie/
NETHERLANDS - EERSTE DIVISIE - ROUND 20,6,Willem II,6u3qag0G,5,6,25,-2,25,27,-2,29,2025-12-12T15:29:32.575624,https://www.flashscore.com/football/netherlands/eerste-divisie/
NETHERLANDS - EERSTE DIVISIE - ROUND 20,7,Roda,6FRTNZ8p,7,5,30,3,30,27,3,28,2025-12-12T15:29:32.575624,https://www.flashscore.com/football/netherlands/eerste-divisie/
NETHERLANDS - EERSTE DIVISIE - ROUND 20,8,Almere City,IsK0b0aI,2,9,38,7,38,31,7,26,2025-12-12T15:29:32.575624,https://www.flashscore.com/football/netherlands/eerste-divisie/
NETHERLANDS - EERSTE DIVISIE - ROUND 20,9,Waalwijk,lvM1vra5,5,8,31,-2,31,33,-2,26,2025-12-12T15:29:32.575624,https://www.flashscore.com/football/netherlands/eerste-divisie/
NETHERLANDS - EERSTE DIVISIE - ROUND 20,10,FC Emmen,Stafar0g,4,8,33,-1,33,34,-1,25,2025-12-12T15:29:32.575624,https://www.flashscore.com/football/netherlands/eerste-divisie/
NETHERLANDS - EERSTE DIVISIE - ROUND 20,11,Dordrecht,fT0n14Vt,6,7,22,-2,22,24,-2,24,2025-12-12T15:29:32.575624,https://www.flashscore.com/football/netherlands/eerste-divisie/
NETHERLANDS - EERSTE DIVISIE - ROUND 20,12,Venlo,UNA6IKFC,0,11,24,-5,24,29,-5,24,2025-12-12T15:29:32.575624,https://www.flashscore.com/football/netherlands/eerste-divisie/
NETHERLANDS - EERSTE DIVISIE - ROUND 20,13,Helmond,SQGBcMU5,2,10,26,-4,26,30,-4,23,2025-12-12T15:29:32.575624,https://www.flashscore.com/football/netherlands/eerste-divisie/
NETHERLANDS - EERSTE DIVISIE - ROUND 20,14,Jong Utrecht,2J6mntb0,5,8,28,-5,28,33,-5,23,2025-12-12T15:29:32.575624,https://www.flashscore.com/football/netherlands/eerste-divisie/
NETHERLANDS - EERSTE DIVISIE - ROUND 20,15,Eindhoven FC,YJaj0Opm,3,10,22,-14,22,36,-14,21,2025-12-12T15:29:32.575624,https://www.flashscore.com/football/netherlands/eerste-divisie/
NETHERLANDS - EERSTE DIVISIE - ROUND 20,16,Jong AZ,lKIgIV5b,2,11,29,-7,29,36,-7,20,2025-12-12T15:29:32.575624,https://www.flashscore.com/football/netherlands/eerste-divisie/
NETHERLANDS - EERSTE DIVISIE - ROUND 20,17,Oss,40amSqFn,8,7,21,-9,21,30,-9,20,2025-12-12T15:29:32.575624,https://www.flashscore.com/football/netherlands/eerste-divisie/
NETHERLANDS - EERSTE DIVISIE - ROUND 20,18,Maastricht,YPQnAtpC,4,10,23,-12,23,35,-12,19,2025-12-12T15:29:32.575624,https://www.flashscore.com/football/netherlands/eerste-divisie/
NETHERLANDS - EERSTE DIVISIE - ROUND 20,19,Vitesse,xdFA0eGc,5,7,31,0,31,31,0,14,2025-12-12T15:29:32.575624,https://www.flashscore.com/football/netherlands/eerste-divisie/
NETHERLANDS - EERSTE DIVISIE - ROUND 20,20,Jong Ajax,GncWwxTm,6,11,26,-12,26,38,-12,12,2025-12-12T15:29:32.575624,https://www.flashscore.com/football/netherlands/eerste-divisie/
